t;RKN
0,00;0
0,05;0,00747116628958372
0,10;0,0297388884917106
0,15;0,0665168105356595
0,20;0,117430061143004
0,25;0,182017848530407
0,30;0,259736549375323
0,35;0,349963273326924
0,40;0,45199988165982
0,45;0,565077436107286
0,50;0,688361051488016
0,55;0,820955123469557
0,60;0,961908900705259
0,65;1,11022236865156
0,70;1,26485241062964
0,75;1,42471921014943
0,80;1,58871285717369
0,85;1,75570011987215
0,90;1,92453134250776
0,95;2,09404742941299
1,00;2,26308687455811
1,05;2,43049279598811
1,10;2,59511993441087
1,15;2,75584157545702
1,20;2,91155635559949
1,25;3,06119491241603
1,30;3,20372634079577
1,35;3,33816441782773
1,40;3,4635735604563
1,45;3,57907448154056
1,50;3,68384951170041
1,55;3,77714755626366
1,60;3,85828865873343
1,65;3,92666814446229
1,70;3,98176032063546
1,75;4,023121711217
1,80;4,05039380818483
1,85;4,06330532315861
1,90;4,06167392639157
1,95;4,0454074630394
2,00;4,01450463961665
2,05;3,96905517658986
2,10;3,90923942611675
2,15;3,83532745700718
2,20;3,74767761203542
2,25;3,64673454575777
2,30;3,53302675396766
2,35;3,407163608835
2,40;3,26983191661114
2,45;3,12179201751965
2,50;2,96387345008014
2,55;2,79697020461337
2,60;2,62203559303569
2,65;2,44007676425765
2,70;2,25214889654083
2,75;2,05934910002894
2,80;1,86281006434242
2,85;1,66369348760055
2,90;1,46318332450372
2,95;1,26247889216349
3,00;1,06278787320286
3,05;0,865319256260336
3,10;0,671276254413578
3,15;0,481849242191559
3,20;0,298208751765212
3,25;0,121498568597726
3,30;-0,0471710337025998
3,35;-0,206729880347989
3,40;-0,356154266162152
3,45;-0,494473073405266
3,50;-0,620773601252951
3,55;-0,734207073162026
3,60;-0,833993790160934
3,65;-0,91942790009021
3,70;-0,989881754976759
3,75;-1,04480983104311
3,80;-1,083752188316
3,85;-1,10633744939371
3,90;-1,11228527964418
3,95;-1,10140835392026
4,00;-1,07361379777908
4,05;-1,02890409416317
4,10;-0,967377449524033
4,15;-0,889227616428459
4,20;-0,794743172766025
4,25;-0,684306260755304
4,30;-0,55839079200983
4,35;-0,417560127954617
4,40;-0,262464247863396
4,45;-0,0938364196987362
4,50;0,0875106082346449
4,55;0,280688874084743
4,60;0,484739904343595
4,65;0,698639825000362
4,70;0,921304853782592
4,75;1,15159714313055
4,80;1,3883309415378
4,85;1,63027903906055
4,90;1,87617946115943
4,95;2,12474237359902
5,00;2,37465715990159
5,05;2,62459963183862
5,10;2,87323933265247
5,15;3,11924689213632
5,20;3,36130139236542
5,25;3,59809770277001
5,30;3,82835374336936
5,35;4,05081763534779
5,40;4,26427469874465
5,45;4,46755425784772
5,50;4,65953621591991
5,55;4,83915736214491
5,60;5,00541737514362
5,65;5,15738448908015
5,70;5,29420079023513
5,75;5,41508711396493
5,80;5,51934751417629
5,85;5,60637327981476
5,90;5,67564647537878
5,95;5,72674298511534
6,00;5,75933504331325
6,05;5,77319323596982
6,10;5,76818796205184
6,15;5,74429034558358
6,20;5,70157259285819
6,25;5,6402077921656
6,30;5,56046915654354
6,35;5,46272871317061
6,40;5,34745544611383
6,45;5,21521290220122
6,50;5,06665627279421
6,55;4,90252896716976
6,60;4,72365869607004
6,65;4,53095308672328
6,70;4,32539485326736
6,75;4,10803654900275
6,80;3,87999492924964
6,85;3,64244495577304
6,90;3,39661347575527
6,95;3,14377261012823
7,00;2,88523288771631
7,05;2,62233616307635
7,10;2,35644835714502
7,15;2,08895206081021
7,20;1,8212390423048
7,25;1,55470269987496
7,30;1,29073050149743
7,35;1,03069645350874
7,40;0,775953639864404
7,45;0,527826873367859
7,50;0,287605499599314
7,55;0,0565363934376993
7,60;-0,164182812991417
7,65;-0,373410233386499
7,70;-0,570065925291428
7,75;-0,753137748689045
7,80;-0,92168685267006
7,85;-1,0748527597441
7,90;-1,21185801959365
7,95;-1,33201240646344
8,00;-1,43471663691413
8,05;-1,51946558733583
8,10;-1,58585099339896
8,15;-1,63356361650185
8,20;-1,66239486524013
8,25;-1,67223786295559
8,30;-1,66308795550514
8,35;-1,63504265650624
8,40;-1,58830103044647
8,45;-1,52316251717398
8,50;-1,44002520439525
8,55;-1,33938355787915
8,60;-1,22182562208481
8,65;-1,08802970687793
8,70;-0,938760578860021
8,75;-0,774865178591407
8,80;-0,597267887625475
8,85;-0,406965371775449
8,90;-0,205021029390203
8,95;0,00744092438971075
9,00;0,229241704403407
9,05;0,459154498439263
9,10;0,695911269931802
9,15;0,938209782477077
9,20;1,18472080703205
9,25;1,43409547165659
9,30;1,68497271287455
9,35;1,93598678717677
9,40;2,18577480086784
9,45;2,43298421637034
9,50;2,6762802932474
9,55;2,91435342258382
9,60;3,14592631397782
9,65;3,36976099523381
9,70;3,58466558590912
9,75;3,78950080714637
9,80;3,98318619171222
9,85;4,16470595985365
9,90;4,33311452846539
9,95;4,48754162312582
10,00;4,62719696479245
10,05;4,75137450533889
10,10;4,85945618865008
10,15;4,95091521665674
10,20;5,02531880246924
10,25;5,08233039564892
10,30;5,12171136761588
10,35;5,14332214821971
10,40;5,14712280757568
10,45;5,13317308037783
10,50;5,10163183302344
10,55;5,0527559770032
10,60;4,98689883511162
10,65;4,90450797009374
10,70;4,80612248835132
10,75;4,69236983426666
10,80;4,56396209354898
10,85;4,42169182675086
10,90;4,26642745672502
10,95;4,09910823628034
11,00;3,92073882463634
11,05;3,73238350345424
11,10;3,53516006522819
11,15;3,33023340864085
11,20;3,11880887711315
11,25;2,90212537819989
11,30;2,68144832269223
11,35;2,45806242327947
11,40;2,233264393389
11,45;2,0083555873617
11,50;1,78463462342706
11,55;1,56339003101573
11,60;1,34589296378789
11,65;1,13339001936319
11,70;0,927096206115845
11,75;0,72818809654923
11,80;0,53779720569306
11,85;0,357003631679719
11,90;0,186829994160718
11,95;0,0282357045289462
12,00;-0,11788839997351
12,05;-0,250725028247931
12,10;-0,369534985651703
12,15;-0,473661277240511
12,20;-0,56253274108074
12,25;-0,635667191432244
12,30;-0,692674054373784
12,35;-0,733256481312865
12,40;-0,757212928772123
12,45;-0,764438195859303
12,50;-0,754923913890206
12,55;-0,728758485726489
12,60;-0,686126475495608
12,65;-0,627307452460778
12,70;-0,552674295887454
12,75;-0,462690970791846
12,80;-0,357909787439588
12,85;-0,238968160371846
12,90;-0,106584885555716
12,95;0,0384440430302948
13,00;0,195250053471716
13,05;0,362897026292731
13,10;0,540386706459615
13,15;0,726664466196267
13,20;0,920625385822901
13,25;1,12112061804214
13,30;1,32696399950526
13,35;1,53693887210405
13,40;1,74980507525868
13,45;1,96430606951545
13,50;2,1791761510356
13,55;2,39314771605241
13,60;2,60495853409982
13,65;2,81335898877508
13,70;3,01711924498949
13,75;3,21503630208421
13,80;3,40594089284057
13,85;3,58870418929165
13,90;3,76224427734023
13,95;3,92553236350035
14,00;4,07759867859877
14,05;4,21753804499019
14,10;4,34451507574565
14,15;4,4577689763576
14,20;4,5566179217544
14,25;4,64046298382046
14,30;4,70879158716077
14,35;4,76118047351703
14,40;4,79729815802125
14,45;4,81690686334597
14,50;4,81986392076256
14,55;4,80612263013253
14,60;4,77573257391595
14,65;4,72883938336728
14,70;4,66568395818574
14,75;4,58660114397702
14,80;4,49201787494796
14,85;4,38245079227913
14,90;4,25850335158426
14,95;4,12086243575437
15,00;3,97029449228095
15,05;3,80764121684192
15,10;3,63381480750013
15,15;3,44979281629355
15,20;3,25661262727413
15,25;3,05536559216678
15,30;2,84719085675862
15,35;2,63326891288034
15,40;2,41481491239738
15,45;2,19307178097845
15,50;1,96930317054642
15,55;1,74478629023449
15,60;1,52080465636397
15,65;1,29864080242507
15,70;1,07956899027614
15,75;0,864847963778241
15,80;0,655713785851216
15,85;0,453372799475516
15,90;0,25899475247344
15,95;0,0737061249884126
16,00;-0,101416302553817
16,05;-0,265351604565951
16,10;-0,41714055361922
16,15;-0,555891118830322
16,20;-0,680783588120045
16,25;-0,791075285261728
16,30;-0,88610485491536
16,35;-0,965296091272055
16,40;-1,02816128850044
16,45;-1,07430409387652
16,50;-1,10342184727688
16,55;-1,11530739360564
16,60;-1,10985035769256
16,65;-1,08703787422584
16,70;-1,04695476835208
16,75;-0,98978318566943
16,80;-0,915801673442182
16,85;-0,825383717956306
16,90;-0,718995746000852
16,95;-0,597194601480247
17,00;-0,460624511121755
17,05;-0,310013556123354
17,10;-0,146169669374108
17,15;0,0300238194440879
17,20;0,217613066012692
17,25;0,415578993517574
17,30;0,622842945242487
17,35;0,838272675988843
17,40;1,0606886487796
17,45;1,28887060157726
17,50;1,5215643472163
17,55;1,75748876842746
17,60;1,99534296872229
17,65;2,23381353901843
17,70;2,4715818992228
17,75;2,70733167355649
17,80;2,93975605820327
17,85;3,16756513989433
17,90;3,38949312430589
17,95;3,60430543364081
18,00;3,81080563348925
18,05;4,00784215001114
18,10;4,19431473965023
18,15;4,36918067496955
18,20;4,53146061178258
18,25;4,68024410453523
18,30;4,81469473886043
18,35;4,93405485236894
18,40;5,0376498170449
18,45;5,12489185906903
18,50;5,1952833944841
18,55;5,2484198618296
18,60;5,28399203569216
18,65;5,30178780802818
18,70;5,30169342709939
18,75;5,28369418690403
18,80;5,24787456306874
18,85;5,19441779427138
18,90;5,12360491137673
18,95;5,03581321956605
19,00;4,9315142418118
19,05;4,81127113507267
19,10;4,67573559354443
19,15;4,52564425618212
19,20;4,36181463849347
19,25;4,18514061127519
19,30;3,99658745150901
19,35;3,79718649303827
19,40;3,58802940689486
19,45;3,37026214322815
19,50;3,14507856868991
19,55;2,91371383484208
19,60;2,67743751466762
19,65;2,43754654556974
19,70;2,19535801833494
19,75;1,95220185240386
19,80;1,70941339843575
19,85;1,46832600956516
19,90;1,23026362292854
19,95;0,99653339298573
20,00;0,768418417874165
20,05;0,54717059951608
20,10;0,334003677452245
20,15;0,130086475404904
20,20;-0,0634636016172497
20,25;-0,245586783261373
20,30;-0,415286828015855
20,35;-0,571636562636538
20,40;-0,713783035798694
20,45;-0,840952257121027
20,50;-0,952453495031272
20,55;-1,04768310941527
20,60;-1,12612789759873
20,65;-1,18736793493873
20,70;-1,23107889413488
20,75;-1,25703383029233
20,80;-1,26510442176369
20,85;-1,25526165984792
20,90;-1,2275759835141
20,95;-1,1822168584295
21,00;-1,11945180268638
21,05;-1,03964486472453
21,10;-0,94325456201695
21,15;-0,830831292109848
21,20;-0,703014230565298
21,25;-0,5605277332317
21,30;-0,404177263045225
21,35;-0,234844864230533
21,40;-0,053484209305468
21,45;0,138884753311603
21,50;0,341181521055429
21,55;0,552271096222955
21,60;0,770970348243461
21,65;0,996054643517424
21,70;1,22626470563419
21,75;1,46031366748978
21,80;1,69689427575355
21,85;1,93468620728157
21,90;2,17236345645114
21,95;2,40860175199699
22,00;2,64208596176914
22,05;2,87151744390467
22,10;3,09562130321126
22,15;3,31315351209722
22,20;3,52290785614755
22,25;3,72372266543509
22,30;3,91448729386272
22,35;4,09414831025193
22,40;4,26171536651571
22,45;4,4162667100707
22,50;4,55695430964522
22,55;4,68300856581405
22,60;4,79374257992628
22,65;4,8885559575753
22,70;4,96693812537697
22,75;5,02847114255743
22,80;5,07283199169145
22,85;5,09979433585927
22,90;5,10922973248806
22,95;5,10110829719683
23,00;5,07549881405331
23,05;5,03256829176132
23,10;4,97258096840905
23,15;4,89589677050561
23,20;4,80296923509808
23,25;4,69434290677577
23,30;4,57065022431661
23,35;4,43260791459575
23,40;4,28101291414174
23,45;4,11673784137674
23,50;3,94072604509819
23,55;3,75398625713635
23,60;3,5575868793424
23,65;3,35264993711154
23,70;3,14034473351509
23,75;2,92188123979231
23,80;2,69850325942925
23,85;2,47148140431836
23,90;2,24210592254323
23,95;2,01167941816016
24,00;1,78150950394954
24,05;1,55290142848007
24,10;1,32715071896701
24,15;1,10553588131014
24,20;0,88931119836939
24,25;0,679699666977051
24,30;0,477886113399246
24,35;0,285010525949561
24,40;0,102161642230588
24,45;-0,0696291729586855
24,50;-0,229393724652008
24,55;-0,376232427117493
24,60;-0,509319355084271
24,65;-0,627906878434833
24,70;-0,731329854351202
24,75;-0,819009353396557
24,80;-0,890455898639555
24,85;-0,945272199671374
24,90;-0,983155366210261
24,95;-1,00389858891883
25,00;-1,0073922780593
25,05;-0,993624653664108
25,10;-0,962681783987203
25,15;-0,914747072106669
25,20;-0,850100193655642
25,25;-0,769115491747427
25,30;-0,672259838215505
25,35;-0,560089973292266
25,40;-0,433249338785042
25,45;-0,292464422657816
25,50;-0,138540635675787
25,55;0,0276422565975853
25,60;0,20513512066028
25,65;0,392924832641472
25,70;0,589940016237277
25,75;0,79505710864196
25,80;1,00710672025984
25,85;1,22488025233161
25,90;1,44713673515902
25,95;1,67260984837256
26,00;1,90001508366386
26,05;2,12805700960522
26,10;2,35543659760574
26,15;2,58085856771191
26,20;2,80303871285072
26,25;3,0207111602367
26,30;3,2326355290202
26,35;3,43760394384015
26,40;3,63444786475744
26,45;3,8220446950807
26,50;3,99932412984801
26,55;4,1652742091899
26,60;4,31894704246158
26,65;4,45946417088731
26,70;4,58602153849606
26,75;4,69789404333396
26,80;4,79443964330306
26,85;4,87510299348417
26,90;4,93941859444018
26,95;4,98701343375004
27,00;5,01760910587737
27,05;5,03102339841552
27,10;5,02717133575516
27,15;5,00606567427646
27,20;4,96781684625591
27,25;4,91263235278212
27,30;4,84081560907775
27,35;4,75276424870808
27,40;4,64896789620379
27,45;4,53000542061898
27,50;4,39654168546854
27,55;4,24932381332501
27,60;4,08917698608836
27,65;3,91699980455736
27,70;3,733759233413
27,75;3,54048516006012
27,80;3,33826459794812
27,85;3,12823556699493
27,90;2,91158068555761
27,95;2,6895205100185
28,00;2,46330665947873
28,05;2,23421476426231
28,10;2,00353727792823
28,15;1,7725761932585
28,20;1,54263570323302
28,25;1,3150148483142
28,30;1,09100019144419
28,35;0,871858562003918
28,40;0,658829909598051
28,45;0,453120307914292
28,50;0,255895148063913
28,55;0,068272559746567
28,60;-0,10868290269683
28,65;-0,273966273767395
28,70;-0,426637855940155
28,75;-0,565828532435865
28,80;-0,690744683683209
28,85;-0,800672679749526
28,90;-0,894982923401949
28,95;-0,973133420987269
29,00;-1,0346728609737
29,05;-1,07924318276613
29,10;-1,10658162127284
29,15;-1,1165222156497
29,20;-1,10899677366165
29,25;-1,08403528616268
29,30;-1,04176578928857
29,35;-0,982413675063344
29,40;-0,906300454222861
29,45;-0,813841978140931
29,50;-0,705546129786056
29,55;-0,582009996624441
29,60;-0,443916541299744
29,65;-0,292030788746066
29,70;-0,127195551111925
29,75;0,0496732855258062
29,80;0,237591886212593
29,85;0,435513975168185
29,90;0,642336695920191
29,95;0,85690679061709
30,00;1,07802706382086
30,05;1,30446309447678
30,10;1,53495015835935
30,15;1,76820032210678
30,20;2,00290966898799
30,25;2,23776561580271
30,30;2,47145427979874
30,35;2,70266785420634
30,40;2,93011195093749
30,45;3,15251286917911
30,50;3,36862474902235
30,55;3,57723656991319
30,60;3,77717895457852
30,65;3,96733074017204
30,70;4,14662527969017
30,75;4,31405643822081
30,80;4,46868425030077
30,85;4,60964020655952
30,90;4,73613213990845
30,95;4,84744868378272
31,00;4,94296327734656
31,05;5,02213769511658
31,10;5,08452508112902
31,15;5,12977247055979
31,20;5,15762278458528
31,25;5,16791628723103
31,30;5,16059149597801
31,35;5,1356855409651
31,40;5,09333397072446
31,45;5,03377000549642
31,50;4,95732324227437
31,55;4,86441781881125
31,60;4,75557004685929
31,65;4,63138552789774
31,70;4,49255576751143
31,75;4,33985430740062
31,80;4,17413239671393
31,85;3,99631422698508
31,90;3,80739175740733
31,95;3,60841915948189
32,00;3,40050691221676
32,05;3,18481558101616
32,10;2,96254931517996
32,15;2,73494910051368
32,20;2,50328580492747
32,25;2,26885305606631
32,30;2,03295999095852
32,35;1,79692391839004
32,40;1,56206293520327
32,45;1,3296885379791
32,50;1,10109827158799
32,55;0,877568455889466
32,60;0,660347031421617
32,65;0,450646564254251
32,70;0,249637449286183
32,75;0,0584413501528863
32,80;-0,121875087417839
32,85;-0,290306213500184
32,90;-0,445913009546645
32,95;-0,587828350001013
33,00;-0,71526186040326
33,05;-0,827504344708051
33,10;-0,923931756958496
33,15;-1,0040086950163
33,20;-1,06729139673429
33,25;-1,11343022175254
33,30;-1,14217160498868
33,35;-1,15335947086113
33,40;-1,14693610031335
33,45;-1,12294244578125
33,50;-1,08151789234737
33,55;-1,02289946643651
33,60;-0,947420496511278
33,65;-0,855508733304398
33,70;-0,747683940160868
33,75;-0,624554967039806
33,80;-0,486816324626358
33,85;-0,335244277812195
33,90;-0,170692480502962
33,95;0,00591282371249308
34,00;0,193578008057736
34,05;0,391247646968905
34,10;0,597810447016613
34,15;0,812105491020704
34,20;1,0329287602702
34,25;1,25903989819922
34,30;1,48916917751402
34,35;1,72202463162444
34,40;1,9562993103109
34,45;2,19067861886151
34,50;2,423847699446
34,55;2,65449881325744
34,60;2,88133868194981
34,65;3,10309574712949
34,70;3,3185273071211
34,75;3,52642649091894
34,80;3,72562903015196
34,85;3,91501979102665
34,90;4,09353902956264
34,95;4,26018833499229
35,00;4,41403622794937
35,05;4,55422338201341
35,10;4,6799674392944
35,15;4,790567393025
35,20;4,88540751256253
35,25;4,96396078877529
35,30;5,02579188048478
35,35;5,07055954544021
35,40;5,09801854219976
35,45;5,10802099226735
35,50;5,10051719486805
35,55;5,075555889822
35,60;5,03328396707925
35,65;4,97394562458811
35,70;4,89788097927066
35,75;4,80552413895278
35,80;4,69740074612586
35,85;4,574125007386
35,90;4,43639622528675
35,95;4,28499485213815
36,00;4,1207780879711
36,05;3,94467504744763
36,10;3,75768152292001
36,15;3,56085437311024
36,20;3,3553055689855
36,25;3,14219593033018
36,30;2,92272858825318
36,35;2,69814221040788
36,40;2,46970402703485
36,45;2,23870269705539
36,50;2,00644105434156
36,55;1,77422877496011
36,60;1,54337500663049
36,65;1,31518100184744
36,70;1,09093279609649
36,75;0,871893972335084
36,80;0,659298552425455
36,85;0,454344055489496
36,90;0,258184762215824
36,95;0,0719252229892732
37,00;-0,103385953659469
37,05;-0,266761997364247
37,10;-0,417283523848131
37,15;-0,554103703277154
37,20;-0,676453019993619
37,25;-0,783643596878513
37,30;-0,875073060041998
37,35;-0,950227922126922
37,40;-1,00868646521834
37,45;-1,05012110716688
37,50;-1,07430023803951
37,55;-1,08108951639201
37,60;-1,07045261809541
37,65;-1,04245143352809
37,70;-0,997245712047836
37,75;-0,935092155766627
37,80;-0,856342967748401
37,85;-0,761443862818195
37,90;-0,650931552193435
37,95;-0,525430716107246
38,00;-0,385650481473053
38,05;-0,232380424423214
38,10;-0,0664861202263069
38,15;0,111095734367046
38,20;0,299362598895561
38,25;0,497251737371742
38,30;0,703646205092386
38,35;0,917381140384144
38,40;1,13725032587858
38,45;1,36201298239579
38,50;1,5904007572079
38,55;1,82112486736108
38,60;2,05288335786309
38,65;2,28436843389799
38,70;2,51427382581355
38,75;2,74130214544346
38,80;2,96417219237534
38,85;3,18162616905773
38,90;3,39243676415245
38,95;3,59541406428006
39,00;3,7894122552719
39,05;3,9733360752264
39,10;4,1461469830638
39,15;4,30686900787369
39,20;4,45459424614581
39,25;4,58848797595498
39,30;4,70779335932586
39,35;4,81183570631994
39,40;4,90002627685203
39,45;4,97186559884429
39,50;5,02694628404592
39,55;5,0649553256725
39,60;5,08567586493345
39,65;5,08898841650357
39,70;5,07487154603795
39,75;5,04340199591147
39,80;4,99475425846811
39,85;4,92919959917248
39,90;4,84710453515059
39,95;4,7489287776698
40,00;4,63522265012356
40,05;4,5066239960365
40,10;4,36385459447413
40,15;4,20771610301235
40,20;4,0390855510793
40,25;3,85891040901156
40,30;3,66820326055323
40,35;3,46803610875737
40,40;3,25953434731157
40,45;3,04387043119176
40,50;2,82225728223977
40,55;2,595941466752
40,60;2,36619618344901
40,65;2,13431410126333
40,70;1,90160008722788
40,75;1,66936386536638
40,80;1,43891264787594
40,85;1,21154378004851
40,90;0,988537440301559
40,95;0,771149436379169
41,00;0,560604138244751
41,05;0,358087587418637
41,10;0,164740821522408
41,15;-0,018346548417689
41,20;-0,190142471776479
41,25;-0,349678268736861
41,30;-0,496054084608095
41,35;-0,62844395736714
41,40;-0,746100469909213
41,45;-0,848358960828436
41,50;-0,934641270031458
41,55;-1,00445899810218
41,60;-1,05741626106962
41,65;-1,09321192506796
41,70;-1,11164130830223
41,75;-1,11259734072826
41,80;-1,09607117490454
41,85;-1,06215224455976
41,90;-1,01102777052523
41,95;-0,942981716788763
42,00;-0,858393202518822
42,05;-0,757734378966698
42,10;-0,641567783163911
42,15;-0,510543183274012
42,20;-0,365393933316787
42,25;-0,206932857741943
42,30;-0,0360476889734088
42,35;0,146303916440547
42,40;0,339099755066202
42,45;0,541258816994538
42,50;0,751647357162225
42,55;0,969085263461691
42,60;1,19235268584898
42,65;1,42019688918978
42,70;1,6513392913253
42,75;1,88448264679706
42,80;2,11831833585017
42,85;2,35153371774157
42,90;2,5828195070172
42,95;2,81087713129197
43,00;3,03442602916963
43,05;3,25221084727486
43,10;3,46300849593644
43,15;3,66563502385398
43,20;3,85895227309748
43,25;4,04187427702302
43,30;4,21337336513256
43,35;4,37248594055211
43,40;4,51831789764286
43,45;4,65004964928172
43,50;4,7669407355416
43,55;4,86833398785465
43,60;4,9536592252395
43,65;5,02243646180425
43,70;5,0742786074835
43,75;5,10889364681623
43,80;5,12608628350552
43,85;5,12575904150349
43,90;5,1079128164202
43,95;5,07264687414476
44,00;5,02015829667453
44,05;4,95074087825537
44,10;4,86478347802631
44,15;4,76276783841691
44,20;4,64526588154888
44,25;4,51293649882835
44,30;4,36652185176351
44,35;4,20684320479089
44,40;4,03479631352383
44,45;3,85134639433637
44,50;3,65752270354927
44,55;3,45441275667975
44,60;3,24315622024009
44,65;3,02493851041105
44,70;2,8009841345643
44,75;2,57254981305371
44,80;2,34091741993064
44,85;2,10738678225694
44,90;1,87326837848396
44,95;1,63987597693399
45,00;1,40851925575716
45,05;1,18049644584143
45,10;0,957087038024331
45,15;0,739544595594143
45,20;0,529089712476227
45,25;0,326903156681797
45,30;0,134119237555029
45,35;-0,0481805659033594
45,40;-0,218973679825368
45,45;-0,377302179235825
45,50;-0,522278168502001
45,55;-0,653088768233526
45,60;-0,769000680605507
45,65;-0,869364307447403
45,70;-0,953617397954152
45,75;-1,02128820552003
45,80;-1,07199813595499
45,85;-1,10546387220212
45,90;-1,12149896361769
45,95;-1,12001487088475
46,00;-1,10102146069136
46,05;-1,06462694739732
46,10;-1,011037282022
46,15;-0,940554991992257
46,20;-0,853577478176872
46,25;-0,750594778784706
46,30;-0,632186812700222
46,35;-0,499020117756394
46,40;-0,351844102283815
46,45;-0,191486831010713
46,50;-0,018850369005917
46,55;0,165094290159003
46,60;0,359312683515206
46,65;0,562712694379735
46,70;0,774150691922264
46,75;0,992437960100982
46,80;1,21634737982682
46,85;1,44462032679209
46,90;1,67597374618759
46,95;1,90910736453835
47,00;2,1427109981176
47,05;2,37547191685629
47,10;2,60608222235373
47,15;2,83324619851622
47,20;3,05568759350485
47,25;3,27215679206022
47,30;3,48143783788854
47,35;3,68235526663694
47,40;3,87378071105112
47,45;4,05463924118959
47,50;4,22391540405846
47,55;4,38065892872129
47,60;4,52399006481921
47,65;4,65310452449786
47,70;4,76727799996776
47,75;4,86587023131056
47,80;4,94832860167259
47,85;5,01419123964413
47,90;5,0630896113939
47,95;5,09475058799677
48,00;5,10899797634338
48,05;5,10575350503646
48,10;5,08503725974224
48,15;5,04696756556127
48,20;4,99176031709126
48,25;4,91972775995999
48,30;4,83127673069006
48,35;4,7269063648024
48,40;4,60720528605514
48,45;4,4728482926311
48,50;4,32459255891548
48,55;4,16327337422836
48,60;3,9897994424797
48,65;3,80514776918284
48,70;3,61035816458212
48,75;3,40652739380812
48,80;3,19480300695826
48,85;2,9763768837995
48,90;2,75247852939396
48,95;2,52436815834832
49,00;2,29332960657561
49,05;2,06066311042759
49,10;1,82767799380072
49,15;1,59568530433611
49,20;1,36599044011902
49,25;1,13988580833686
49,30;0,918643557174085
49,35;0,703508421810291
49,40;0,495690724745689
49,45;0,296359569809981
49,50;0,106636268121122
49,55;-0,0724119670441022
49,60;-0,239778021018228
49,65;-0,394520540412257
49,70;-0,535769225849463
49,75;-0,662729725007934
49,80;-0,774688098463624
49,85;-0,871014833228009
49,90;-0,95116838141794
49,95;-1,0146982041656
50,00;-1,06124730365862
50,05;-1,09055422907882
50,10;-1,10245454516615
50,15;-1,09688175515653
50,20;-1,07386767290976
50,25;-1,03354224214162
50,30;-0,976132803782413
50,35;-0,901962815588044
50,40;-0,811450031209133
50,45;-0,705104148963418
50,50;-0,583523943538255
50,55;-0,447393896757538
50,60;-0,29748034636394
50,65;-0,134627174477513
50,70;0,0402489400200751
50,75;0,226163678474465
50,80;0,422070619817702
50,85;0,626867127155871
50,90;0,839400550480034
50,95;1,05847471061783
51,00;1,28285662796182
51,05;1,51128345813449
51,10;1,74246959558616
51,15;1,97511390517823
51,20;2,20790704108432
51,25;2,4395388118512
51,30;2,66870555020205
51,35;2,89411744613769
51,40;3,11450580209841
51,45;3,3286301693869
51,50;3,53528532572088
51,55;3,73330805467735
51,60;3,9215836889043
51,65;4,09905238030437
51,70;4,26471506193004
51,75;4,41763906806358
51,80;4,55696338087713
51,85;4,68190347416796
51,90;4,79175572692966
51,95;4,88590138193901
52,00;4,96381002709641
52,05;5,02504257994165
52,10;5,06925375856015
52,15;5,09619402498318
52,20;5,1057109901514
52,25;5,09775027253906
52,30;5,07235580560798
52,35;5,02966959235989
52,40;4,96993090836464
52,45;4,8934749577429
52,50;4,80073098965836
52,55;4,69221988590761
52,60;4,56855123317031
52,65;4,43041989637988
52,70;4,27860211248014
52,75;4,11395112653051
52,80;3,93739239469558
52,85;3,74991838109042
52,90;3,552582977737
52,95;3,34649557900621
53,00;3,13281484386314
53,05;2,9127421809887
53,10;2,68751499340929
53,15;2,45839972061841
53,20;2,22668471731334
53,25;1,99367300878849
53,30;1,76067496372121
53,35;1,52900092555028
53,40;1,2999538438804
53,45;1,07482194734635
53,50;0,854871499137222
53,55;0,641339675916911
53,60;0,435427610183398
53,65;0,23829363519051
53,70;0,0510467704173048
53,75;-0,125259515782157
53,80;-0,289633231274145
53,85;-0,441149439666661
53,90;-0,578955462880703
53,95;-0,702275677514478
54,00;-0,810415878027362
54,05;-0,902767182205899
54,10;-0,978809456947502
54,15;-1,03811424509447
54,20;-1,08034717685614
54,25;-1,10526985225502
54,30;-1,11274118400644
54,35;-1,10271819327562
54,40;-1,07525625383136
54,45;-1,03050878321787
54,50;-0,968726382674541
54,55;-0,890255430633527
54,60;-0,795536137697022
54,65;-0,685100074023975
54,70;-0,55956718302257
54,75;-0,419642298133006
54,80;-0,26611118227915
54,85;-0,0998361122514989
54,90;0,0782489671573383
54,95;0,26714369202425
55,00;0,465786901667853
55,05;0,673062602914709
55,10;0,887806242730437
55,15;1,10881125395262
55,20;1,33483583732671
55,25;1,56460994171736
55,30;1,79684240325295
55,35;2,03022820326759
55,40;2,26345580423627
55,45;2,49521452246042
55,50;2,72420189605402
55,55;2,94913100680667
55,60;3,16873771475896
55,65;3,38178776481618
55,70;3,58708372544528
55,75;3,78347172044406
55,80;3,96984791593461
55,85;4,14516472610896
55,90;4,3084367028359
55,95;4,45874607601524
56,00;4,5952479135288
56,05;4,71717487177648
56,10;4,82384151008673
56,15;4,9146481447431
56,20;4,98908422095645
56,25;5,04673118382248
56,30;5,08726483212097
56,35;5,1104571417206
56,40;5,11617754833474
56,45;5,10439368241371
56,50;5,07517155203843
56,55;5,02867517278424
56,60;4,96516564663259
56,65;4,88499969510583
56,70;4,78862765486863
56,75;4,67659094706193
56,80;4,54951903459362
56,85;4,40812588448917
56,90;4,25320595518813
56,95;4,085629731343
57,00;3,90633883122106
57,05;3,71634071421288
57,10;3,51670301819908
57,15;3,30854755860836
57,20;3,09304402290157
57,25;2,87140339592907
57,30;2,64487115312182
57,35;2,41472025978184
57,40;2,18224401582787
57,45;1,94874878622112
57,50;1,71554665793856
57,55;1,48394806477435
57,60;1,25525442143097
57,65;1,03075080830927
57,70;0,811698748121899
57,75;0,599329114938207
57,80;0,394835215524303
57,85;0,199366081873355
57,90;0,0140200126339077
57,95;-0,160161600255277
58,00;-0,322200125018749
58,05;-0,471185190679704
58,10;-0,606279803954075
58,15;-0,726725053637723
58,20;-0,83184437604017
58,25;-0,921047357486137
58,30;-0,993833052508703
58,35;-1,04979279908075
58,40;-1,08861251505894
58,45;-1,11007446293121
58,50;-1,11405847294778
58,55;-1,1005426177609
58,60;-1,06960333478199
58,65;-1,02141499556978
58,70;-0,956248924671987
58,75;-0,874471873438102
58,80;-0,776543957385014
58,85;-0,663016068713227
58,90;-0,53452677852197
58,95;-0,391798746140467
59,00;-0,235634655763609
59,05;-0,0669127032377302
59,10;0,113418341628815
59,15;0,304344469469157
59,20;0,504792132484165
59,25;0,713634280238405
59,30;0,929696696191344
59,35;1,15176459933865
59,40;1,3785894738481
59,45;1,60889608829282
59,50;1,84138966501897
59,55;2,07476315934073
59,60;2,30770460763838
59,65;2,53890450304785
59,70;2,76706315727527
59,75;2,99089800714792
59,80;3,20915082482426
59,85;3,42059479112699
59,90;3,62404139223322
59,95;3,81834710094874
60,00;4,00241980500493
60,05;4,17522494623893
60,10;4,33579133614355
60,15;4,48321661509305
60,20;4,616672324554
60,25;4,73540856376699
60,30;4,83875820472072
60,35;4,9261406417238
60,40;4,99706505449623
60,45;5,05113316643756
60,50;5,08804148256726
60,55;5,1075829945581
60,60;5,10964834327969
60,65;5,09422643231931
60,70;5,0614044890339
60,75;5,01136757279331
60,80;4,94439753318296
60,85;4,86087142402645
60,90;4,76125938214824
60,95;4,64612198280599
61,00;4,51610708666413
61,05;4,37194619603924
61,10;4,21445034090664
61,15;4,04450551780119
61,20;3,86306770725934
61,25;3,67115749781864
61,30;3,46985434680313
61,35;3,26029051016476
61,40;3,04364467551199
61,45;2,82113533412486
61,50;2,59401392922368
61,55;2,36355781901598
61,60;2,13106309408792
61,65;1,8978372895249
61,70;1,66519203273792
61,75;1,43443566833374
61,80;1,20686590149556
61,85;0,983762501236877
61,90;0,766380104554374
61,95;0,555941161938297
62,00;0,353629063903749
62,05;0,160581487188529
62,10;-0,0221160019720796
62,15;-0,193436051528709
62,20;-0,35241529994236
62,25;-0,498159792673434
62,30;-0,629850008382147
62,35;-0,746745466581617
62,40;-0,848188890838263
62,45;-0,933609904113191
62,50;-1,00252823546881
62,55;-1,05455642011235
62,60;-1,08940197759676
62,65;-1,1068690559335
62,70;-1,10685953237472
62,75;-1,08937356467728
62,80;-1,05450958975076
62,85;-1,00246376969859
62,90;-0,933528888368632
62,95;-0,848092704619111
63,00;-0,746635771560167
63,05;-0,629728734034175
63,10;-0,49802911953137
63,15;-0,35227764058556
63,20;-0,193294029441411
63,25;-0,0219724284145497
63,30;0,160723638136129
63,35;0,353766681952204
63,40;0,556071028670366
63,45;0,766498922780655
63,50;0,983866925421582
63,55;1,20695256903891
63,60;1,43450123149072
63,65;1,66523319094759
63,70;1,8978508219201
63,75;2,13104589195258
63,80;2,36350691795597
63,85;2,59392654081729
63,90;2,82100887682059
63,95;3,04347680454466
64,00;3,2600791462655
64,05;3,46959770348478
64,10;3,67085410702567
64,15;3,86271644318023
64,20;4,04410561865137
64,25;4,2140014285014
64,30;4,37144829298889
64,35;4,51556063103721
64,40;4,64552784012137
64,45;4,76061885457244
64,50;4,8601862566696
64,55;4,94366991740383
64,60;5,01060014644221
64,65;5,060600333581
64,70;5,0933890668349
64,75;5,10878171525261
64,80;5,10669146755827
64,85;5,08712982077811
64,90;5,05020651610409
64,95;4,99612892235425
65,00;4,92520087049545
65,05;4,83782094578045
65,10;4,73448024710115
65,15;4,61575962615518
65,20;4,48232642194795
65,25;4,33493070898967
65,30;4,17440108028133
65,35;4,0016399887991
65,40;3,8176186736691
65,45;3,62337169955974
65,50;3,41999113999325
65,55;3,20862043728052
65,60;2,99044797360121
65,65;2,76670038937569
65,70;2,53863568649574
65,75;2,30753615519116
65,80;2,07470116430074
65,85;1,84143985548432
65,90;1,60906378245271
65,95;1,3788795366015
66,00;1,15218140051136
66,05;0,930244070620702
66,10;0,714315489987853
66,15;0,505609831440896
66,20;0,305300670567935
66,25;0,11451438693319
66,30;-0,0656761693787583
66,35;-0,234257710279994
66,40;-0,390282207338925
66,45;-0,53287222254657
66,50;-0,66122584221629
66,55;-0,774621186275012
66,60;-0,872420467591339
66,65;-0,954073578515739
66,70;-1,01912118446617
66,75;-1,06719730716411
66,80;-1,0980313829952
66,85;-1,11144978492
66,90;-1,10737679937612
66,95;-1,08583505267754
67,00;-1,04694538451195
67,05;-0,990926169245562
67,10;-0,918092088849501
67,15;-0,828852364345109
67,20;-0,723708455709956
67,25;-0,603251243174798
67,30;-0,468157705757677
67,35;-0,319187115708036
67,40;-0,157176770255524
67,45;0,0169627153403226
67,50;0,202252526976818
67,55;0,397651154350718
67,60;0,602060246120157
67,65;0,814330784667358
67,70;1,03326954574657
67,75;1,25764580669987
67,80;1,48619826552597
67,85;1,71764213190136
67,90;1,95067635028662
67,95;2,18399091450775
68,00;2,41627423268801
68,05;2,64622050112287
68,10;2,87253704563986
68,15;3,09395158916837
68,20;3,3092194046587
68,25;3,51713031313471
68,30;3,71651548753463
68,35;3,90625402408671
68,40;4,08527924427324
68,45;4,25258469195106
68,50;4,40722979191066
68,55;4,54834513805926
68,60;4,67513738149571
68,65;4,78689369099452
68,70;4,88298576082021
68,75;4,96287334333824
68,80;5,02610728656055
68,85;5,07233205954705
68,90;5,10128775146366
68,95;5,11281153305695
69,00;5,10683857232787
69,05;5,08340239925529
69,10;5,04263471751822
69,15;4,98476466427434
69,20;4,91011752215567
69,25;4,81911289072213
69,30;4,7122623276527
69,35;4,5901664729353
69,40;4,45351167222301
69,45;4,30306611834039
69,50;4,13967553263244
69,55;3,96425841043625
69,60;3,77780085740554
69,65;3,58135104571912
69,70;3,3760133213412
69,75;3,16294199546326
69,80;2,94333485503308
69,85;2,71842642885579
69,90;2,48948104712598
69,95;2,2577857334114
70,00;2,02464296905089
70,05;1,79136337064621
70,10;1,55925832181646
70,15;1,32963260064063
70,20;1,10377704423816
70,25;0,88296129172876
70,30;0,668426646371753
70,35;0,461379097015559
70,40;0,26298253809188
70,45;0,0743522262731424
70,50;-0,103451489418937
70,55;-0,269429128803184
70,60;-0,422647699512324
70,65;-0,562245942158991
70,70;-0,687439172205209
70,75;-0,797523691313553
70,80;-0,891880743378713
70,85;-0,969979992998117
70,90;-1,03138250682521
70,95;-1,07574322104397
71,00;-1,10281288109231
71,05;-1,11243944272933
71,10;-1,10456892656966
71,15;-1,07924572128099
71,20;-1,03661233374074
71,25;-0,976908587556965
71,30;-0,900470274460093
71,35;-0,807727266148386
71,40;-0,699201097203171
71,45;-0,575502032663925
71,50;-0,437325636750521
71,55;-0,285448862024702
71,60;-0,120725680979003
71,65;0,055917715386034
71,70;0,243488125001054
71,75;0,440930918905438
71,80;0,647135970767075
71,85;0,860943898406626
71,90;1,08115258223441
71,95;1,30652392395117
72,00;1,53579080751319
72,05;1,76766422322511
72,10;2,00084051490657
72,15;2,23400870938706
72,20;2,46585788712029
72,25;2,69508455247853
72,30;2,9203999622889
72,35;3,14053737140877
72,40;3,35425915460337
72,45;3,560363764685
72,50;3,75769248779292
72,55;3,9451359578345
72,60;4,12164039346151
72,65;4,2862135225162
72,70;4,43793016063826
72,75;4,57593741266899
72,80;4,69945946760905
72,85;4,80780196017186
72,90;4,90035587441147
72,95;4,97660096747792
73,00;5,03610869425175
73,05;5,07854461641503
73,10;5,10367028241541
73,15;5,11134456775409
73,20;5,10152446806326
73,25;5,07426534051492
73,30;5,02972059220475
73,35;4,96814081726405
73,40;4,88987238755201
73,45;4,79535550485314
73,50;4,68512172553167
73,55;4,55979097156145
73,60;4,42006804473707
73,65;4,2667386636655
73,70;4,10066504582055
73,75;3,9227810595003
73,80;3,73408697294562
73,85;3,53564383014301
73,90;3,32856748493372
73,95;3,11402232697221
74,00;2,89321473480964
74,05;2,66738629291204
74,10;2,43780681075028
74,15;2,20576718321145
74,20;1,97257213247369
74,25;1,73953287215263
74,30;1,50795973496479
74,35;1,2791548053583
74,40;1,05440459853326
74,45;0,834972827013356
74,50;0,622093295437913
74,55;0,416962963522705
74,60;0,220735216192265
74,65;0,0345133787216254
74,70;-0,140655486652187
74,75;-0,30378646777111
74,80;-0,453962340150363
74,85;-0,590338723991741
74,90;-0,712148831621366
74,95;-0,818707778660135
75,00;-0,909416434688054
75,05;-0,983764791752779
75,10;-1,0413348317836
75,15;-1,08180287678947
75,20;-1,10494140862766
75,25;-1,11062034811203
75,30;-1,0988077862696
75,35;-1,06957016363435
75,40;-1,02307189657076
75,45;-0,959574452728375
75,50;-0,879434880826009
75,55;-0,783103803032156
75,60;-0,671122881229778
75,65;-0,544121771411513
75,70;-0,402814583329425
75,75;-0,247995865304987
75,80;-0,0805361367748041
75,85;0,0986230063096843
75,90;0,28847418570862
75,95;0,487949904979562
76,00;0,69592855157651
76,05;0,911240703215462
76,10;1,13267570304912
76,15;1,35898846668207
76,20;1,58890648275413
76,25;1,82113696773149
76,30;2,05437413467789
76,35;2,28730653513773
76,40;2,51862443285139
76,45;2,74702716784453
76,50;2,97123046948709
76,55;3,18997367740457
76,60;3,40202682964226
76,65;3,60619757822972
76,70;3,80133789326286
76,75;3,98635051781022
76,80;4,16019513735111
76,85;4,32189422905802
76,90;4,47053855803606
76,95;4,60529228961682
77,00;4,72539768896321
77,05;4,83017938156152
77,10;4,91904815064647
77,15;4,991504250208
77,20;5,04714021495266
77,25;5,08564315142028
77,30;5,10679649737432
77,35;5,11048123957326
77,40;5,09667658307622
77,45;5,06546006831924
77,50;5,0170071353037
77,55;4,95159013734693
77,60;4,86957680993986
77,65;4,77142820332008
77,70;4,65769609038397
77,75;4,52901986451146
77,80;4,38612294474486
77,85;4,22980870853297
77,90;4,06095597490814
77,95;3,8805140634914
78,00;3,68949745710578
78,05;3,48898009800649
78,10;3,28008934979685
78,15;3,0639996589782
78,20;2,84192595177111
78,25;2,61511680333345
78,30;2,38484741778067
78,35;2,15241245847728
78,40;1,91911876891064
78,45;1,68627802507299
78,50;1,45519936066322
78,55;1,22718200657222
78,60;1,00350798603583
78,65;0,785434906526134
78,70;0,574188888908075
78,75;0,370957673616653
78,80;0,176883942614673
78,85;-0,00694110532217226
78,90;-0,179483889870367
78,95;-0,33977426047864
79,00;-0,486910951069233
79,05;-0,620066647451588
79,10;-0,738492638957136
79,15;-0,8415230281415
79,20;-0,928578474885172
79,25;-0,999169453841435
79,30;-1,05289900691649
79,35;-1,08946497530585
79,40;-1,10866169853707
79,45;-1,11038117096586
79,50;-1,0946136492226
79,55;-1,06144770719363
79,60;-1,0110697382276
79,65;-0,943762907365152
79,70;-0,859905559482462
79,75;-0,759969092298018
79,80;-0,644515306200985
79,85;-0,514193245800856
79,90;-0,369735550955894
79,95;-0,211954337795751
80,00;-0,0417366328962128
80,05;0,13996061372364
80,10;0,332115908743516
80,15;0,533648958574541
80,20;0,743426742993397
80,25;0,960269885230153
80,30;1,18295928269521
80,35;1,4102429610653
80,40;1,64084311319278
80,45;1,87346328326306
80,50;2,10679565580867
80,55;2,33952840859862
80,60;2,5703530880627
80,65;2,79797196578363
80,70;3,02110533469642
80,75;3,23849870397313
80,80;3,44892985214101
80,85;3,65121569877891
80,90;3,84421895615697
80,95;4,02685452342157
81,00;4,19809558737536
81,05;4,35697939555155
81,10;4,502612669124
81,15;4,6341766252201
81,20;4,75093158039871
81,25;4,85222110941114
81,30;4,93747573586268
81,35;5,00621613402451
81,40;5,05805582379419
81,45;5,0927033436524
81,50;5,10996388939876
81,55;5,10974040945296
81,60;5,0920341505628
81,65;5,05694465085081
81,70;5,0046691802384
81,75;4,93550163139322
81,80;4,84983086743531
81,85;4,74813853569126
81,90;4,63099635978819
81,95;4,49906292531198
82,00;4,35307997710174
82,05;4,19386824899805
82,10;4,02232284949142
82,15;3,83940822921419
82,20;3,64615275857003
82,25;3,4436429459874
82,30;3,23301732930351
82,35;3,01546007462341
82,40;2,79219431864339
82,45;2,56447529187009
82,50;2,33358326139884
82,55;2,10081633292903
82,60;1,86748315248596
82,65;1,6348955488821
82,70;1,40436115828453
82,75;1,17717607235519
82,80;0,954617551298627
82,85;0,737936842786707
82,90;0,528352147134507
82,95;0,327041768279441
83,00;0,135137489070922
83,05;-0,0462817918832581
83,10;-0,21619612603817
83,15;-0,373650249296714
83,20;-0,517758952717806
83,25;-0,647712059352023
83,30;-0,762778979223433
83,35;-0,862312816848108
83,40;-0,945754008195644
83,45;-1,01263346664563
83,50;-1,0625752202516
83,55;-1,095298525485
83,60;-1,11061944557529
83,65;-1,10845188457215
83,70;-1,08880807131639
83,75;-1,05179849059842
83,80;-0,997631261891666
83,85;-0,926610969154029
83,90;-0,83913694827671
83,95;-0,73570104180922
84,00;-0,616884833584361
84,05;-0,483356378791211
84,10;-0,335866447880913
84,15;-0,175244305423434
84,20;-0,00239304764813172
84,25;0,181715475117798
84,30;0,376046122565116
84,35;0,579506284351319
84,40;0,790952023160582
84,45;1,00919450633638
84,50;1,23300668992588
84,55;1,46113021755603
84,60;1,69228249535349
84,65;1,92516390313063
84,70;2,15846510129397
84,75;2,3908743923929
84,80;2,62108509591971
84,85;2,84780289489706
84,90;3,06975311294811
84,95;3,28568788093496
85,00;3,49439315287223
85,05;3,69469553166997
85,10;3,88546886632922
85,15;4,06564058349869
85,20;4,23419771779445
85,25;4,39019260697814
85,30;4,53274821997374
85,35;4,66106308776688
85,40;4,77441580946379
85,45;4,87216910817545
85,50;4,95377341392343
85,55;5,01876995342335
85,60;5,06679332937444
85,65;5,09757357475351
85,70;5,11093767056391
85,75;5,10681051850623
85,80;5,08521536310234
85,85;5,0462736608997
85,90;4,99020439749169
85,95;4,91732285619402
86,00;4,82803884530059
86,05;4,72285439388598
86,10;4,6023609291099
86,15;4,46723595089406
86,20;4,31823922266797
86,25;4,15620849960074
86,30;3,98205481833678
86,35;3,79675737471828
86,40;3,60135801829406
86,45;3,39695539456894
86,50;3,18469876792812
86,55;2,96578155996665
86,60;2,74143463955397
86,65;2,51291940235943
86,70;2,28152067874844
86,75;2,04853950992364
86,80;1,81528583292661
86,85;1,58307111562766
86,90;1,35320098311275
86,95;1,12696787692468
87,00;0,905643788431097
87,05;0,690473107175156
87,10;0,482665624417938
87,15;0,283389731209473
87,20;0,0937658492312534
87,25;-0,0851398686554672
87,30;-0,252321532737771
87,35;-0,406839171953233
87,40;-0,547824018768844
87,45;-0,674483393723174
87,50;-0,786105162169122
87,55;-0,882061738159835
87,60;-0,961813612966529
87,65;-1,02491238838964
87,70;-1,07100329780897
87,75;-1,09982720079867
87,80;-1,11122204009263
87,85;-1,10512375270879
87,90;-1,0815666301098
87,95;-1,04068312537519
88,00;-0,982703108469267
88,05;-0,907952573792087
88,10;-0,816851807280137
88,15;-0,709913023362205
88,20;-0,587737485056418
88,25;-0,451012123400461
88,30;-0,300505675221941
88,35;-0,137064360963921
88,40;0,0383928731333831
88,45;0,224879521744371
88,50;0,421347067013983
88,55;0,626690873772844
88,60;0,839756400266393
88,65;1,05934568947884
88,70;1,28422410455515
88,75;1,51312727045188
88,80;1,74476818278822
88,85;1,97784444392841
88,90;2,21104558561151
88,95;2,44306043695787
89,00;2,67258449642637
89,05;2,89832726627451
89,10;3,11901950828416
89,15;3,33342037995831
89,20;3,54032441106651
89,25;3,73856828131405
89,30;3,9270373610281
89,35;4,10467197808668
89,40;4,27047337585515
89,45;4,42350932863252
89,50;4,56291938303515
89,55;4,68791969584892
89,60;4,79780744114936
89,65;4,89196476191121
89,70;4,96986224389002
89,75;5,03106189224392
89,80;5,07521959416012
89,85;5,10208705363997
89,90;5,11151318756451
89,95;5,10344497519121
90,00;5,07792775630559
90,05;5,03510497635131
90,10;4,97521737997163
90,15;4,89860165749631
90,20;4,80568855198396
90,25;4,69700043746242
90,30;4,57314838198348
90,35;4,43482871200407
90,40;4,28281909741058
90,45;4,11797417919732
90,50;3,94122076438222
90,55;3,75355261517544
90,60;3,55602486169818
90,65;3,34974806966549
90,70;3,13588199638652
90,75;2,91562907018858
90,80;2,69022762992576
90,85;2,4609449625824
90,90;2,22907017811628
90,95;1,99590696160208
91,00;1,76276624342508
91,05;1,53095882873603
91,10;1,30178802760725
91,15;1,07654232732586
91,20;0,856488148023289
91,25;0,642862722371749
91,30;0,436867139380527
91,35;0,23965959140267
91,40;0,052348862319868
91,45;-0,124011906482532
91,50;-0,288431137300307
91,55;-0,439984391163752
91,60;-0,577819565414598
91,65;-0,70116168458363
91,70;-0,809317257632843
91,75;-0,901678177063977
91,80;-0,977725137971101
91,85;-1,03703055781393
91,90;-1,07926098049575
91,95;-1,10417895122913
92,00;-1,11164435164815
92,05;-1,10161518766056
92,10;-1,07414782561004
92,15;-1,02939667542064
92,20;-0,9676133225048
92,25;-0,889145113315522
92,30;-0,79443320249499
92,35;-0,684010072599272
92,40;-0,558496540343903
92,45;-0,418598266202198
92,50;-0,265101786980479
92,55;-0,0988700936763871
92,60;0,0791622205169595
92,65;0,267994214781402
92,70;0,466564228275783
92,75;0,673755849129286
92,80;0,888404191266331
92,85;1,10930244377255
92,90;1,335208655979
92,95;1,56485272011657
93,00;1,7969435122815
93,05;2,03017615156326
93,10;2,26323933652106
93,15;2,49482271776106
93,20;2,72362426516285
93,25;2,94835758833407
93,30;3,16775916913501
93,35;3,3805954656093
93,40;3,58566984737995
93,45;3,78182932351737
93,50;3,96797102505287
93,55;4,14304840569072
93,60;4,30607712585606
93,65;4,45614058699647
93,70;4,5923950850212
93,75;4,71407455390381
93,80;4,82049487277778
93,85;4,91105771230896
93,90;4,9852538987194
93,95;5,04266627654849
94,00;5,08297205405611
94,05;5,1059446180809
94,10;5,11145480814991
94,15;5,09947164267604
94,20;5,07006249316032
94,25;5,02339270541946
94,30;4,95972466996832
94,35;4,87941634678377
94,40;4,78291925274429
94,45;4,67077592306054
94,50;4,54361686096955
94,55;4,40215699284246
94,60;4,24719164863631
94,65;4,07959209028928
94,70;3,90030061320007
94,75;3,71032524833289
94,80;3,51073409473437
94,85;3,30264931432712
94,90;3,08724082274321
94,95;2,86571971167
95,00;2,63933143969007
95,05;2,40934882989871
95,10;2,17706491366902
95,15;1,94378566079915
95,20;1,71082263691559
95,25;1,47948562941505
95,30;1,25107528340445
95,35;1,02687578904237
95,40;0,80814766139628
95,45;0,596120653409711
95,50;0,391986841825115
95,55;0,196893924935823
95,60;0,011938769849429
95,65;-0,161838754457838
95,70;-0,323461623623051
95,75;-0,472021151043866
95,80;-0,606682096806778
95,85;-0,726687363672175
95,90;-0,831362253713746
95,95;-0,92011826167995
96,00;-0,992456383749966
96,05;-1,04796992308116
96,10;-1,08634677637438
96,15;-1,10737118860112
96,20;-1,11092496602713
96,25;-1,09698814071219
96,30;-1,06563908275027
96,35;-1,01705405961901
96,40;-0,951506245115958
96,45;-0,869364183453929
96,50;-0,771089717150748
96,55;-0,657235390363693
96,60;-0,528441342268021
96,65;-0,385431707946153
96,70;-0,229010547023075
96,75;-0,0600573229386434
96,80;0,120478041726013
96,85;0,311580506067223
96,90;0,512175617794617
96,95;0,721135554197613
97,00;0,937285463178037
97,05;1,1594100686973
97,10;1,38626050349993
97,15;1,61656133069736
97,20;1,84901771473422
97,25;2,08232270141922
97,30;2,31516456608984
97,35;2,54623418859663
97,40;2,77423241364249
97,45;2,99787735509433
97,50;3,21591160319973
97,55;3,42710929418701
97,60;3,63028300250097
97,65;3,82429041692364
97,70;4,00804076304445
97,75;4,18050093597063
97,80;4,34070130879732
97,85;4,48774118418032
97,90;4,62079385836068
97,95;4,73911126916955
98,00;4,84202820188044
98,05;4,92896602926222
98,10;4,99943596480503
98,15;5,05304181082818
98,20;5,08948218601952
98,25;5,10855221988205
98,30;5,11014470456125
98,35;5,0942506975771
98,40;5,06095957207215
98,45;5,01045851429316
98,50;4,94303147113176
98,55;4,85905755364151
98,60;4,75900890550743
98,65;4,64344804845233
98,70;4,51302471950511
98,75;4,36847221791306
98,80;4,21060328223735
98,85;4,04030552081216
98,90;3,85853642125914
98,95;3,6663179671156
99,00;3,46473089184383
99,05;3,25490860252754
99,10;3,03803080741879
99,15;2,81531688316369
99,20;2,58801901899867
99,25;2,35741517646344
99,30;2,12480190421347
99,35;1,89148704833001
99,40;1,65878239911286
99,45;1,42799631569826
99,50;1,20042636996933
99,55;0,977352051117259
99,60;0,760027571871322
99,65;0,549674816843425
99,70;0,347476472634354
99,75;0,154569378326729
99,80;-0,0279618662493617
99,85;-0,199090998541379
99,90;-0,357855863304657
99,95;-0,503363822196841
100,00;-0,634796772521697
