t;Taylor;RKN
0,0;0;0
0,1;0,005;0,00528494405105416
0,2;0,0208178141656211;0,022154246728603
0,3;0,0489013604087945;0,0518441851163707
0,4;0,09031722099011;0,0952033277983139
0,5;0,145743352416653;0,152691979818289
0,6;0,215470733071609;0,22439027335089
0,7;0,299413571590902;0,310014377373386
0,8;0,39712751784164;0,408940133551078
0,9;0,507835154120369;0,520233279186848
1,0;0,630457900288396;0,642685294382445
1,1;0,763653345904154;0,774853811905718
1,2;0,905856927340634;0,915106456447569
1,3;1,05532680011806;1,06166693614404
1,4;1,21019071732066;1,21266219393861
1,5;1,36849371441902;1,3661694394147
1,6;1,52824541883567;1,52026192233658
1,7;1,68746584826386;1,67305237587241
1,8;1,84422863354197;1,82273314832307
1,9;1,99670069767356;1,96761215459793
2,0;2,14317753970558;2,10614390964521
2,1;2,28211340750784;2,23695505214319
2,2;2,41214579351402;2,35886392425828
2,3;2,53211384836196;2,47089393821803
2,4;2,64107047506425;2,57228062874054
2,5;2,73828803668664;2,66247245787934
2,6;2,82325777932596;2,74112560151631
2,7;2,89568323535208;2,80809310065222
2,8;2,95546802547338;2,86340890213647
2,9;3,0026986185289;2,90726743920614
3,0;3,03762273167846;2,93999950923734
3,1;3,06062415795438;2,96204529198905
3,2;3,07219489054683;2,97392541440842
3,3;3,07290547185643;2,97621100640736
3,4;3,06337452898688;2,96949370515089
3,5;3,04423846530706;2,95435655317449
3,6;3,01612225995383;2,93134669854174
3,7;2,97961228426987;2,90095074434027
3,8;2,93523197738054;2,8635735117447
3,9;2,88342113419715;2,81952087783518
4,0;2,8245194504155;2,76898722901772
4,1;2,758754843361;2,71204793633219
4,2;2,68623692803253;2,64865711358368
4,3;2,60695587796885;2,57865076678124
4,4;2,52078674440598;2,50175528767747
4,5;2,42749914857423;2,41760108921399
4,6;2,32677210492676;2,32574103032121
4,7;2,21821358159296;2,22567313561739
4,8;2,10138426227961;2,1168669857255
4,9;1,9758248448493;1,9987930395149
5,0;1,84108609923245;1,87095405355211
5,1;1,69676081413093;1,73291768894818
5,2;1,54251669064419;1,58434934365733
5,3;1,37812919346839;1,42504422060451
5,4;1,20351334809287;1,25495763970312
5,5;1,01875347624783;1,07423262516558
5,6;0,824129891919271;0,88322384818709
5,7;0,620141636083477;0,682517078161506
5,8;0,407524408840788;0,472943391539179
5,9;0,187262961160205;0,255587504169274
6,0;-0,0394026672721857;0,0317897278786216
6,1;-0,270977535347686;-0,19685879793542
6,2;-0,505719127207314;-0,428527787227918
6,3;-0,741651764372909;-0,661166418671636
6,4;-0,976588074031709;-0,892528721856842
6,5;-1,2081573056717;-1,12020540936313
6,6;-1,43384011089413;-1,34166165671232
6,7;-1,65100922924102;-1,55428017159643
6,8;-1,85697536044578;-1,75540874550373
6,9;-2,0490373546412;-1,94241134862426
7,0;-2,22453572046918;-2,11272171605156
7,1;-2,38090834009551;-2,26389828274683
7,2;-2,5157471927689;-2,39367925894433
7,3;-2,62685482718959;-2,50003659855845
7,4;-2,71229928941539;-2,58122760201703
7,5;-2,77046620855669;-2,63584291247581
7,6;-2,80010676767419;-2,66284971060542
7,7;-2,8003803419989;-2,66162898746663
7,8;-2,77089067007715;-2,63200587614199
7,9;-2,711714534276;-2,5742721488896
8,0;-2,6234220632045;-2,48920013516172
8,1;-2,50708792735702;-2,37804748388792
8,2;-2,36429287747403;-2,24255237749281
8,3;-2,1971152690764;-2,08491900133755
8,4;-2,00811242230467;-1,90779327647039
8,5;-1,80029187922054;-1,71422907134711
8,6;-1,57707283653059;-1,50764531502151
8,7;-1,34223824558694;-1,29177463566432
8,8;-1,09987827881501;-1,0706043396805
8,9;-0,854326057818852;-0,848310723869596
9,0;-0,610086718923788;-0,629187871993442
9,1;-0,371761052734907;-0,41757222412467
9,2;-0,143965091709029;-0,217764319039311
9,3;0,0687528694788389;-0,0339491939966762
9,4;0,261996254532968;0,129883019588344
9,5;0,431603570796492;0,270014743308499
9,6;0,573729525628446;0,383075289928346
9,7;0,684922276650862;0,466110382477155
9,8;0,76219524846364;0,516645417710479
9,9;0,803092031106889;0,532741141380824
10,0;0,805742989650633;0,513040535322491
10,1;0,768912357711002;0,456805874936303
10,2;0,692034757692681;0,36394509713696
10,3;0,575240283819089;0,23502681957281
10,4;0,419367496700859;0,0712835678887449
10,5;0,225963906042609;-0,125397005422873
10,6;-0,00272624351226409;-0,352492894101648
10,7;-0,26378682430455;-0,606880252349888
10,8;-0,553667011463841;-0,884877168627174
10,9;-0,868230258252408;-1,1822979948954
11,0;-1,20281428544561;-1,49451731759156
11,1;-1,5523010921637;-1,81654246428756
11,2;-1,91119579706614;-2,14309326899029
11,3;-2,27371294301671;-2,46868767292187
11,4;-2,63386874888277;-2,78773161946117
11,5;-2,98557767215532;-3,09461161420178
11,6;-3,32275155806722;-3,38378826562927
11,7;-3,6393995966792;-3,64988909990371
11,8;-3,92972729012418;-3,88779895511418
11,9;-4,18823264825108;-4,09274630589688
12,0;-4,40979788195004;-4,26038394752049
12,1;-4,58977494840606;-4,38686257779657
12,2;-4,72406341964233;-4,46889595317672
12,3;-4,80917929253726;-4,5038164592568
12,4;-4,84231353197461;-4,48962012219314
12,5;-4,82137933530935;-4,42500029235247
12,6;-4,74504732182875;-4,30936945059582
12,7;-4,61276808090196;-4,14286881638063
12,8;-4,42478175229839;-3,92636567061147
12,9;-4,18211455678889;-3,661438540049
13,0;-3,88656243961826;-3,35035061929173
13,1;-3,54066222877655;-2,99601202618729
13,2;-3,14765093935866;-2,60193169254715
13,3;-2,71141407008377;-2,17215988008382
13,4;-2,23642393397991;-1,71122247782337
13,5;-1,72766923848394;-1,22404837861246
13,6;-1,19057727742485;-0,715891346035299
13,7;-0,630930215788737;-0,192247866986954
13,8;-0,0547770356737241;0,341227462129646
13,9;0,53165723302438;0,878807446871901
14,0;1,12206335166072;1,41477714648996
14,1;1,71013914727953;1,94351655127536
14,2;2,28967863181287;2,45957964379254
14,3;2,85465745030369;2,95776850341699
14,4;3,39931324648602;3,43320124049328
14,5;3,91821966469277;3,88137269600475
14,6;4,4063528611195;4,29820701140968
14,7;4,85914957132983;4,68010135736031
14,8;5,2725559705399;5,02396030520171
14,9;5,64306676436272;5,3272205270702
15,0;5,96775415582997;5,58786571459821
15,1;6,24428654504241;5,80443180820661
15,2;6,47093702614029;5,97600282434998
15,3;6,64658194794987;6,10219775269312
15,4;6,77068999537577;6,18314916514665
15,5;6,84330242439619;6,21947433045579
15,6;6,8650052407899;6,21223975855052
15,7;6,8368942483557;6,1629202055713
15,8;6,76053400378071;6,07335325139595
15,9;6,63791180046111;5,94569061523306
16,0;6,47138786108985;5,78234740067145
16,1;6,26364294795904;5,58595045938878
16,2;6,01762460060323;5,35928703307402
16,3;5,7364931832078;5,1052547771826
16,4;5,42356887033908;4,82681418968986
16,5;5,082280620835;4,52694436535804
16,6;4,7161180885002;4,20860287399557
16,7;4,32858729744529;3,87469042300148
16,8;3,92317077279187;3,52802081373302
16,9;3,50329266767034;3,17129654175418
17,0;3,07228926886603;2,80709022682614
17,1;2,63338510017945;2,43783189367594
17,2;2,18967467868947;2,06580196318831
17,3;1,74410981874154;1,69312965965802
17,4;1,29949222559925;1,32179639685304
17,5;0,858470979048818;0,953643577316684
17,6;0,423544380276068;0,5903841286468
17,7;-0,00293447389931509;0,233617010052198
17,8;-0,418749114250717;-0,115156145584256
17,9;-0,821808911145308;-0,454513133053124
18,0;-1,21013690920583;-0,783092917748089
18,1;-1,58185713626713;-1,09957791235745
18,2;-1,93518223089162;-1,40267764852341
18,3;-2,26840220056243;-1,69111464959815
18,4;-2,57987506670908;-1,96361323291377
18,5;-2,86802007448967;-2,21889187166215
18,6;-3,13131404686418;-2,45565963008237
18,7;-3,36829134655928;-2,67261705415816
18,8;-3,57754777910192;-2,86846175679287
18,9;-3,75774862861428;-3,04189878510833
19,0;-3,90764086922886;-3,19165570197346
19,1;-4,02606944271365;-3,31650215809044
19,2;-4,11199734120958;-3,41527357896288
19,3;-4,16452908690386;-3,48689844677746
19,4;-4,18293706192969;-3,53042852442425
19,5;-4,16669001555216;-3,54507125107934
19,6;-4,11548296525104;-3,53022343915775
19,7;-4,02926761676671;-3,48550532377766
19,8;-3,90828235822048;-3,41079396044015
19,9;-3,75308083723872;-3,30625493616003
20,0;-3,56455810922566;-3,17237135493964
20,1;-3,3439733505667;-3,00996908079726
20,2;-3,09296816299542;-2,82023727045286
20,3;-2,81357955437392;-2,6047433025092
20,4;-2,50824676582194;-2,36544130919733
20,5;-2,17981122396437;-2,10467363853659
20,6;-1,83150902792657;-1,82516471659373
20,7;-1,46695553091934;-1,53000693841151
20,8;-1,09012174264654;-1,22263838868045
20,9;-0,705302457739591;-0,906812375551745
21,0;-0,317076203024316;-0,586558949064197
21,1;0,0697427115520614;-0,266138765226996
21,2;0,450159561440687;0,0500101564804517
21,3;0,819061330899804;0,357332054896465
21,4;1,17128474788337;0,651218532835154
21,5;1,50168922124031;0,927078098507933
21,6;1,80523352243142;1,18040896106989
21,7;2,07705492620339;1,40687378761704
21,8;2,31254942105232;1,60237504329818
21,9;2,50745152367653;1,76312947826114
22,0;2,65791218421164;1,88574029668456
22,1;2,76057325249734;1,96726554527815
22,2;2,81263699092045;2,00528129182844
22,3;2,81192916680456;1,99793822840754
22,4;2,75695433646169;1,94401042785594
22,5;2,6469420427787;1,84293510453645
22,6;2,48188278679456;1,69484237894387
22,7;2,26255279869869;1,50057421775747
22,8;1,9905268220156;1,26169191302348
22,9;1,66817833286486;0,980471672566923
23,0;1,29866684006543;0,659888114287148
23,1;0,885912147074144;0,303585685221055
23,2;0,434555698607843;-0,0841617425078858
23,3;-0,0500906215937103;-0,49850261726941
23,4;-0,562107635024699;-0,934070090521196
23,5;-1,09504311564689;-1,38505412018207
23,6;-1,64199608185399;-1,84528218249278
23,7;-2,19570987330873;-2,30830730384724
23,8;-2,74867257303133;-2,76750197144598
23,9;-3,29322318103508;-3,21615635587868
24,0;-3,82166182072612;-3,64757918262721
24,1;-4,32636216595072;-4,05519952512903
24,2;-4,79988421708419;-4,43266776093106
24,3;-5,23508553031847;-4,77395393538482
24,4;-5,62522901600912;-5,07344181436431
24,5;-5,96408546953455;-5,32601697799819
24,6;-6,24602908081034;-5,527147410066
24,7;-6,46612428487458;-5,67295517051234
24,8;-6,62020246360748;-5,76027789885128
24,9;-6,70492718481326;-5,78671908085868
25,0;-6,71784686612996;-5,75068621617067
25,1;-6,65743397358176;-5,65141624608214
25,2;-6,52311010365506;-5,48898783449174
25,3;-6,31525654882947;-5,26432033584715
25,4;-6,03521020455472;-4,97915952724259
25,5;-5,68524493562371;-4,63605042260591
25,6;-5,26853877661403;-4,23829772034764
25,7;-4,78912758950008;-3,7899146572604
25,8;-4,25184603680426;-3,29556124645145
25,9;-3,66225694618126;-2,7604730616239
26,0;-3,02657033791683;-2,19038189049649
26,1;-2,35155355675069;-1,59142971349416
26,2;-1,64443409052584;-0,970077567560331
26,3;-0,912796767864497;-0,333010927182578
26,4;-0,164477103476019;0,312956725698115
26,5;0,592547398379889;0,960980464796508
26,6;1,35026616479305;1,60427896402477
26,7;2,10074290973026;2,23622643042822
26,8;2,83621969593027;2,85043992148684
26,9;3,54921606844513;3,44086066002285
27,0;4,23262174838857;4,0018281026988
27,1;4,87978152556128;4,52814568301148
27,2;5,48457116211136;5,01513733304648
27,3;6,04146331235543;5,45869408596135
27,4;6,54558267206926;5,85531026885521
27,5;6,99274978942141;6,20210900883271
27,6;7,37951319456749;6,49685698909061
27,7;7,70316973097968;6,73796860218794
27,8;7,96177319412673;6,92449984988474
27,9;8,15413159755862;7,05613252885733
28,0;8,27979358844166;7,13314941535188
28,1;8,33902472012299;7,15640131595592
28,2;8,33277445478505;7,12726698316409
28,3;8,26263491158199;7,04760700084184
28,4;8,13079249228894;6,91971282419299
28,5;7,93997360550699;6,74625221018449
28,6;7,69338577056178;6,5302122969921
28,7;7,39465541278656;6,27484158497987
28,8;7,04776366294068;5,98359203773571
28,9;6,65698144579296;5,66006246110571
29,0;6,22680508775038;5,30794423293898
29,1;5,76189359279081;4,93097034885317
29,2;5,26700863237226;4,53286862271741
29,3;4,74695817143588;4,11731973808991
29,4;4,20654451250489;3,68792069223483
29,5;3,65051738694861;3,24815401150827
29,6;3,0835325607105;2,80136294992197
29,7;2,51011625531958;2,35073271569257
29,8;1,93463551799189;1,89927760764289
29,9;1,36127451120739;1,44983378837649
30,0;0,794016536297655;1,0050572779034
30,1;0,236631461039089;0,56742662323793
30,2;-0,30733190856985;0,13924958940898
30,3;-0,834549084252723;-0,277326872155571
30,4;-1,34191944284009;-0,680304188784292
30,5;-1,82656279835388;-1,06781811900599
30,6;-2,2858137778819;-1,43812396398775
30,7;-2,71721480163272;-1,78958190253129
30,8;-3,11850846412564;-2,12064328234881
30,9;-3,48763008571922;-2,42983864480082
31,0;-3,82270115264899;-2,71576818263383
31,1;-4,12202429104474;-2,97709523263451
31,2;-4,38408032819177;-3,21254329014567
31,3;-4,60752788523548;-3,42089690311702
31,4;-4,79120582267914;-3,60100666319957
31,5;-4,93413872681142;-3,75179836401614
31,6;-5,03554548531045;-3,87228624601858
31,7;-5,09485085756801;-3,96159009723446
31,8;-5,11169980370367;-4,01895583367009
31,9;-5,08597419972537;-4,04377904603426
32,0;-5,01781143865793;-4,03563087445118
32,1;-4,90762430232022;-3,99428546333634
32,2;-4,75612138910831;-3,91974815765123
32,3;-4,56432730258317;-3,81228353193389
32,4;-4,33360174636857;-3,67244229692617
32,5;-4,0656566348253;-3,50108610683893
32,6;-3,76257031760889;-3,299409294277
32,7;-3,42679803036366;-3,06895658993224
32,8;-3,06117772365658;-2,81163594006398
32,9;-2,66893048737474;-2,52972561561063
33,0;-2,25365487713379;-2,22587491099726
33,1;-1,81931456109737;-1,90309785622184
33,2;-1,37021883773601;-1,56475950998693
33,3;-0,910995724679382;-1,21455456138492
33,4;-0,446557482690486;-0,856478139426834
33,5;0,0179413867300161;-0,494788909678759
33,6;0,477153450473626;-0,133964721347337
33,7;0,925594556461552;0,221348747908494
33,8;1,35770636482293;0,566395722664154
33,9;1,76792443710218;0,896373638334359
34,0;2,1507509579125;1,2065010721184
34,1;2,50083101296336;1,49208919939536
34,2;2,81303121532803;1,74861555760321
34,3;3,08251936167233;1,9717988019395
34,4;3,30484371498953;2,15767306556065
34,5;3,47601045271562;2,30266049344184
34,6;3,5925577908966;2,40364050519468
34,7;3,65162529767911;2,45801435879448
34,8;3,65101694346753;2,46376363454142
34,9;3,58925650061928;2,41950133619707
35,0;3,46563400182514;2,32451441295263
35,1;3,28024209194714;2,17879663990111
35,2;3,03400126100673;1,98307095358735
35,3;2,7286731235489;1,73880052001476
35,4;2,36686110850285;1,44818801170452
35,5;1,95199814015937;1,11416278410565
35,6;1,48832112080505;0,740355865564512
35,7;0,980832264367199;0,331062904639942
35,8;0,435247573359727;-0,108804550910273
35,9;-0,14206700643754;-0,573778842411098
36,0;-0,74417098274191;-1,05790623656024
36,1;-1,36363526839733;-1,55482618538802
36,2;-1,99263748090067;-2,05785859793682
36,3;-2,62306519226238;-2,56009774557304
36,4;-3,24662556491989;-3,05451128176593
36,5;-3,85495967018719;-3,53404274422908
36,6;-4,43975967704585;-3,99171582502824
36,7;-4,99288702342322;-4,42073864449586
36,8;-5,50648964126194;-4,81460624876779
36,9;-5,97311630175521;-5,16719956898264
37,0;-6,38582617846589;-5,47287913246071
37,1;-6,73829179328479;-5,72657190159771
37,2;-7,02489361219775;-5,92384973316962
37,3;-7,24080469278979;-6,06099809699111
37,4;-7,38206395080608;-6,13507386553018
37,5;-7,44563680577534;-6,14395118173743
37,6;-7,42946218197876;-6,08635462709811
37,7;-7,33248507672865;-5,96187914146508
37,8;-7,15467415841924;-5,77099638597871
37,9;-6,89702411723704;-5,51504748551942
38,0;-6,56154275668019;-5,19622233275544
38,1;-6,15122307895172;-4,81752587703066
38,2;-5,67000087669147;-4,38273205327357
38,3;-5,12269859235029;-3,89632622419611
38,4;-4,514956439971;-3,36343720898739
38,5;-3,853151997736;-2,78976014958606
38,6;-3,14430966930496;-2,18147161800269
38,7;-2,39600157413943;-1,54513849217626
38,8;-1,61624155871292;-0,887622221205806
38,9;-0,81337411939457;-0,215980161875171
39,0;0,00403990778373863;0,462634303759335
39,1;0,827339006252075;1,1410711655607
39,2;1,64787610929096;1,81228103174171
39,3;2,45713136573743;2,46940862946408
39,4;3,24682078058404;3,10588106505066
39,5;4,00899907747677;3,71548947738642
39,6;4,73615526688651;4,29246287084371
39,7;5,42129956668266;4,83153308797419
39,8;6,05804050731581;5,32799007337019
39,9;6,64065125772973;5,77772678428905
40,0;7,16412442604825;6,17727331640286
40,1;7,62421481635561;6,5238200297945
40,2;8,01746985471365;6,81522967644891
40,3;8,34124762910563;7,05003874143504
40,4;8,59372271450995;7,22744841135507
40,5;8,77388017120998;7,34730577133306
40,6;8,88149830743244;7,41007600205562
40,7;8,91712098253814;7,41680649782521
40,8;8,88202039077314;7,36908395240673
40,9;8,77815140505149;7,26898555936364
41,0;8,60809867299035;7,11902554592277
41,1;8,37501774168392;6,92209830314341
41,2;8,08257154237367;6,68141938992055
41,3;7,7348635908118;6,40046567440313
41,4;7,3363692539615;6,08291583468182
41,5;6,89186639963393;5,73259237263927
41,6;6,40636668426565;5,35340620278016
41,7;5,88504864742043;4,94930476431184
41,8;5,33319367242343;4,52422447283274
41,9;4,75612574394097;4,08204818118938
42,0;4,15915578883477;3,62656816117169
42,1;3,54753123008249;3,16145495272442
42,2;2,92639121901896;2,69023225937249
42,3;2,30072784278336;2,21625790172046
42,4;1,67535343584828;1,74271067924491
42,5;1,05487396096796;1,27258283803579
42,6;0,443668269753312;0,808677702280572
42,7;-0,154127089967164;0,353611903401134
42,8;-0,734627980484629;-0,0901784642950283
42,9;-1,29420826407093;-0,520428516424692
43,0;-1,82950153482026;-0,935032895565985
43,1;-2,33739971698784;-1,33203258477385
43,2;-2,81504929655101;-1,70960108135256
43,3;-3,25984597041167;-2,06603078119974
43,4;-3,66942849079278;-2,39972038616321
43,5;-4,0416724515371;-2,70916408575487
43,6;-4,37468470937328;-2,99294318199968
43,7;-4,66679905853068;-3,24972072444635
43,8;-4,91657368364102;-3,47823960418587
43,9;-5,1227908064159;-3,67732442427587
44,0;-5,28445881928955;-3,84588732274475
44,1;-5,40081706754425;-3,98293777708691
44,2;-5,47134330411;-4,087596269753
44,3;-5,4957637021147;-4,1591115465438
44,4;-5,47406517327443;-4,19688105795754
44,5;-5,40650960923057;-4,20047404121752
44,6;-5,2936495416968;-4,16965658150021
44,7;-5,13634460928279;-4,10441788807171
44,8;-4,93577812730069;-4,00499693751397
44,9;-4,69347298453083;-3,87190857442267
45,0;-4,41130604015062;-3,70596812180787
45,1;-4,09152016661859;-3,50831354028737
45,2;-3,73673308148335;-3,28042418779339
45,3;-3,34994213347754;-3,02413527005359
45,4;-2,93452425585677;-2,74164713607209
45,5;-2,49423037211998;-2,435528661114
45,6;-2,03317363474377;-2,10871407058014
45,7;-1,5558109945286;-1,76449268937468
45,8;-1,06691773417844;-1,40649125012933
45,9;-0,57155475190194;-1,03864855671281
46,0;-0,0750285457732534;-0,665182473198352
46,1;0,417155976399825;-0,29054938896225
46,2;0,899349557894282;0,0806035062974033
46,3;1,36581904086359;0,443492622355265
46,4;1,81081354093196;0,793258352241818
46,5;2,22863551970713;1,12503058375315
46,6;2,61371576955143;1,43399833113974
46,7;2,96069118410251;1,71548234605473
46,8;3,26448406681209;1,96500945479249
46,9;3,5203816314858;2,17838728109318
47,0;3,72411427630918;2,35177795279433
47,1;3,87193116844977;2,481769358274
47,2;3,96067166175409;2,56544251623574
47,3;3,9878310863957;2,60043365056634
47,4;3,95161949698724;2,58498962071775
47,5;3,85101204437058;2,51801544661328
47,6;3,68578974507913;2,39911278408026
47,7;3,45656955968299;2,22860835024998
47,8;3,16482285459255;2,00757146562517
47,9;2,812881508516;1,73782006742908
48,0;2,4039311312015;1,42191475377086
48,1;1,9419910844292;1,0631406360338
48,2;1,43188122913821;0,665477003338893
48,3;0,8791755634607;0,233555033351628
48,4;0,290143159460473;-0,227395986650305
48,5;-0,328322953397606;-0,711613240409123
48,6;-0,968788077523268;-1,2128748630733
48,7;-1,62336820876202;-1,72458322021236
48,8;-2,28383116702853;-2,23985570411492
48,9;-2,94170501153724;-2,75162160863366
49,0;-3,58839210029083;-3,25272351269138
49,1;-4,21528702643453;-3,73602150054107
49,2;-4,8138965686913;-4,19449847627122
49,3;-5,37595973157814;-4,62136479251626
49,4;-5,89356592500302;-5,01016040983551
49,5;-6,35926934297598;-5,35485283402683
49,6;-6,76619764761946;-5,6499291432917
49,7;-7,10815314677068;-5,89048051451182
49,8;-7,37970476984264;-6,07227778609766
49,9;-7,57626929515283;-6,19183675144526
50,0;-7,69418045988095;-6,24647205891618
50,1;-7,7307447878137;-6,23433879783684
50,2;-7,68428319617161;-6,15446107124498
50,3;-7,55415768673196;-6,00674709057465
50,4;-7,34078268343639;-5,79199057047731
50,5;-7,04562084371035;-5,51185844866284
50,6;-6,67116343866862;-5,16886520107823
50,7;-6,22089566302592;-4,76633426202767
50,8;-5,69924749371939;-4,30834728721891
50,9;-5,11153096198377;-3,79968221067873
51,0;-4,46386493217325;-3,2457412398349
51,1;-3,76308868763017;-2,65247010305291
51,2;-3,01666580545019;-2,02627000728698
51,3;-2,23257995470951;-1,37390387756791
51,4;-1,41922437383102;-0,702398532742078
51,5;-0,585286870158748;-0,0189445017985473
51,6;0,260367762928326;0,669204798431229
51,7;1,10881599958719;1,35483282044468
51,8;1,95119261331099;2,0308569241593
51,9;2,77880464880594;2,69042112317421
52,0;3,58324058358346;3,32698307702153
52,1;4,35647304801701;3,93439400453532
52,2;5,0909536202525;4,50697035434347
52,3;5,77969838517611;5,03955624930002
52,4;6,41636314079954;5,52757591839804
52,5;6,99530734668417;5,96707553801964
52,6;7,51164613285505;6,35475411977102
52,7;7,96128991930851;6,68798329999865
52,8;8,34097143085006;6,96481610177179
52,9;8,64826012477139;7,18398494913194
53,0;8,88156427505618;7,34488941143812
53,1;9,04012117187251;7,44757433865877
53,2;9,12397609485006;7,49269921283543
53,3;9,13395089923247;7,48149968348779
53,4;9,07160321209272;7,4157423727833
53,5;8,93917736859651;7,29767412777482
53,6;8,73954832358925;7,12996696045244
53,7;8,47615984999643;6,91565995094263
53,8;8,1529583817646;6,65809939475815
53,9;7,77432387510666;6,36087845205085
54,0;7,34499904810366;6,02777750647977
54,1;6,87001831636501;5,66270636531804
54,2;6,35463767319425;5,26964933308497
54,3;5,80426666885941;4,85261407110919
54,4;5,22440352795474;4,41558501824409
54,5;4,62057430974195;3,96248199706561
54,6;3,99827686741644;3,4971244691504
54,7;3,36293020238092;3,02320173650849
54,8;2,71982964293167;2,54424921805776
54,9;2,07410810746679;2,06363076429704
55,0;1,43070354459456;1,58452681407004
55,1;0,794332480427322;1,10992804832152
55,2;0,169469450763761;0,642634060549609
55,3;-0,439668043632728;0,185256445402844
55,4;-1,02912954365618;-0,259774391735635
55,5;-1,59523718953503;-0,690199478086956
55,6;-2,13458750158288;-1,1039193968964
55,7;-2,64405011592534;-1,49898114677251
55,8;-3,12076424291515;-1,87356459644528
55,9;-3,56213362720643;-2,2259693732544
56,0;-3,96582077531725;-2,55460297842143
56,1;-4,32974117972986;-2,85797085420854
56,2;-4,65205820952301;-3,13466903935371
56,3;-4,93117925811866;-3,38337994214202
56,4;-5,16575364138644;-3,60287163801916
56,5;-5,35467262696242;-3,79200096405352
56,6;-5,4970718514601;-3,94972053938552
56,7;-5,59233624983531;-4,07508969286333
56,8;-5,64010748427509;-4,16728913027399
56,9;-5,64029372249512;-4,22563902789077
57,0;-5,59308148115208;-4,24962010036125
57,1;-5,49894912303632;-4,23889706298849
57,2;-5,35868148046603;-4,19334379469626
57,3;-5,17338497525962;-4,11306941157188
57,4;-4,9445025208782;-3,99844438459519
57,5;-4,67382742744569;-3,85012578125874
57,6;-4,36351548752531;-3,66908068100217
57,7;-4,01609440137203;-3,45660680988505
57,8;-3,63446970592224;-3,21434946126181
57,9;-3,22192640244003;-2,94431381632991
58,0;-2,78212553330539;-2,64887185060189
58,1;-2,31909503806403;-2,33076310829034
58,2;-1,83721432110938;-1,99308874439359
58,3;-1,34119208620116;-1,6392983714777
58,4;-0,836037133862904;-1,27316940182516
58,5;-0,327021973484317;-0,898778742385651
58,6;0,1803607307965;-0,520466876089524
58,7;0,68044868645736;-0,142794544567144
58,8;1,16746709875204;0,229507570026961
58,9;1,63559184638929;0,591595586828874
59,0;2,07901798357221;0,938574842262892
59,1;2,49203268155861;1,26556707007503
59,2;2,8690915725426;1,5677812900192
59,3;3,2048973255067;1,84058722368023
59,4;3,49447917131282;2,07958995215415
59,5;3,73327200584176;2,28070445171805
59,6;3,91719363811731;2,44022859248444
59,7;4,04271871716985;2,55491316304271
59,8;4,10694786840651;2,62202749230627
59,9;4,10767059830701;2,63941927861521
60,0;4,04342058552929;2,60556730532516
60,1;3,91352206646773;2,51962582070395
60,2;3,71812614275628;2,381459486363
60,3;3,45823598527828;2,19166795044383
60,4;3,1357200814303;1,95159927655324
60,5;2,75331286660142;1,66335165365672
60,6;2,31460229345899;1,32976302200266
60,7;1,8240041196173;0,954388471487155
60,8;1,28672293117816;0,54146549721543
60,9;0,708700161773906;0,0958674277118321
61,0;0,096549609238484;-0,376954430478668
61,1;-0,542518810060569;-0,871039166916905
61,2;-1,20078610078589;-1,37999418589617
61,3;-1,87012083949706;-1,89708150221201
61,4;-2,54208405885953;-2,41531107392568
61,5;-3,20804081482461;-2,92753968323824
61,6;-3,85927674069663;-3,42657375515863
61,7;-4,48711777621182;-3,90527441220663
61,8;-5,08305117651396;-4,35666300401765
61,9;-5,63884585720857;-4,77402532483177
62,0;-6,14667011879733;-5,1510127401826
62,1;-6,59920481729974;-5,48173848667177
62,2;-6,98975010758029;-5,76086748483077
62,3;-7,3123239808962;-5,98369811334207
62,4;-7,56175094681954;-6,14623453125473
62,5;-7,73373936963051;-6,24524830059746
62,6;-7,8249461575455;-6,27832825170156
62,7;-7,83302771616681;-6,2439177438348
62,8;-7,75667631124517;-6,14133870022583
62,9;-7,59564123572649;-5,97080203470482
63,0;-7,35073443727617;-5,73340433223779
63,1;-7,02382052996918;-5,43111089269028
63,2;-6,61779138240801;-5,06672549128568
63,3;-6,13652573897334;-4,64384744556433
63,4;-5,58483458610252;-4,16681680250959
63,5;-4,9683932165083;-3,64064866647328
63,6;-4,29366116647219;-3,07095787455282
63,7;-3,56779140055017;-2,4638753875486
63,8;-2,79853029047026;-1,82595789848899
63,9;-1,99411007750274;-1,16409226446802
64,0;-1,16313561758746;-0,48539643935457
64,1;-0,314467284128845;0,202881376366183
64,2;0,542898056549768;0,893463647235594
64,3;1,39994607800021;1,5791427827868
64,4;2,24776214717687;2,25287715330309
64,5;3,07764477740578;2,90788230028003
64,6;3,88121365864301;3,53771592051078
64,7;4,65051067253389;4,13635534847304
64,8;5,37809245697684;4,69826642986764
64,9;6,05711326608651;5,21846286596664
65,0;6,68139707265044;5,69255530973755
65,1;7,24549807702618;6,11678970612169
65,2;7,74474901430396;6,48807458579408
65,3;8,17529688566413;6,80399723958751
65,4;8,53412597532541;7,06282891492978
65,5;8,81906824648546;7,26351938166052
65,6;9,02880143351688;7,40568140823528
65,7;9,16283535896377;7,48956586668665
65,8;9,2214871984834;7,51602834229725
65,9;9,2058465911183;7,48648825873213
66,0;9,11773164298495;7,40288163890454
66,1;8,95963699700967;7,26760870422793
66,2;8,73467523772677;7,0834775688892
66,3;8,44651296702473;6,85364531076231
66,4;8,09930292340464;6,58155769662802
66,5;7,69761352379933;6,27088880718556
66,6;7,24635718396554;5,92548174827469
66,7;6,75071872222412;5,54929155070663
66,8;6,21608507381611;5,14633125460452
66,9;5,64797744185752;4,72062204813862
67,0;5,05198688879903;4,27614818837606
67,1;4,43371423283832;3,81681727734759
67,2;3,79871496064149;3,34642630330265
67,3;3,15244970500134;2,86863368956505
67,4;2,50024066784516;2,38693742555345
67,5;1,84723419950832;1,90465919048499
67,6;1,19836957857251;1,42493422399203
67,7;0,558353876851256;0,950706553070073
67,8;-0,068357354924368;0,484729054846562
67,9;-0,677573980042148;0,0295677226217848
68,0;-1,26538026434566;-0,412390588966983
68,1;-1,82813957518845;-0,838927732946397
68,2;-2,36249548157289;-1,24798199168027
68,3;-2,865369998806;-1,63763481016101
68,4;-3,33395974928848;-2,00609739527864
68,5;-3,76573081478328;-2,35169800618975
68,6;-4,15841303503531;-2,67287070800304
68,7;-4,50999446389626;-2,96814628598955
68,8;-4,81871662869303;-3,23614592252232
68,9;-5,08307115355543;-3,47557812655326
69,0;-5,30179820536976;-3,68523927867418
69,1;-5,47388710495738;-3,86401801707031
69,2;-5,59857931935066;-4,01090354461802
69,3;-5,67537391728154;-4,12499778885124
69,4;-5,70403543301763;-4,20553119846444
69,5;-5,68460394737097;-4,25188181637461
69,6;-5,61740706295025;-4,26359713397713
69,7;-5,50307332730541;-4,24041810775905
69,8;-5,34254654610701;-4,18230461126123
69,9;-5,13710033220372;-4,08946150553224
70,0;-4,88835215823589;-3,96236444228649
70,1;-4,59827612293514;-3,8017844680626
70,2;-4,26921360628676;-3,60881047632535
70,3;-3,90388097779692;-3,38486855862711
70,4;-3,50537353601672;-3,13173733598675
70,5;-3,0771648964398;-2,85155840727666
70,6;-2,62310110848846;-2,54684113172562
70,7;-2,14738886949139;-2,22046106613342
70,8;-1,65457731268568;-1,87565150196444
70,9;-1,14953297512746;-1,51598769051886
71,0;-0,637407697227946;-1,14536350277707
71,1;-0,123599365239322;-0,767960440771632
71,2;0,386294422197464;-0,388209095631512
71,3;0,886529506271422;-0,0107433296918942
71,4;1,3712747036122;0,359652357953329
71,5;1,83467711382848;0,718101645637327
71,6;2,27093241781941;1,05970057755804
71,7;2,67435922662909;1,37958616518032
71,8;3,03947639620048;1,67300830123438
71,9;3,36108209741596;1,93540376711085
72,0;3,63433332671384;2,16247101898766
72,1;3,85482446333369;2,35024436855941
72,2;4,01866342734566;2,49516613286065
72,3;4,12254396996472;2,59415531586492
72,4;4,16381263551846;2,64467140314633
72,5;4,14052897344668;2,64477190009016
72,6;4,05151764879736;2,59316232344016
72,7;3,89641120009444;2,48923746420906
72,8;3,67568232275406;2,33311287534251
72,9;3,39066471232656;2,12564569758838
73,0;3,04356168203376;1,8684441187881
73,1;2,63744197008141;1,56386496177485
73,2;2,17622237028187;1,21499911030403
73,3;1,66463705042868;0,825644706670946
73,4;1,10819366209175;0,400268284349368
73,5;0,513116588281792;-0,0560457705908989
73,6;-0,113722083143312;-0,537656809123095
73,7;-0,764883037330475;-1,03843972212842
73,8;-1,43245061458094;-1,55186591430722
73,9;-2,10813284173394;-2,07109222025935
74,0;-2,78336916988803;-2,5890563688048
74,1;-3,44944431203769;-3,09857746177853
74,2;-4,09760643855379;-3,59245982197291
74,3;-4,71918788369406;-4,06359848410879
74,4;-5,30572644490736;-4,50508455455061
74,5;-5,84908532034456;-4,91030865113383
74,6;-6,34156972974935;-5,27306065443369
74,7;-6,77603830008468;-5,58762405585177
74,8;-7,1460073694196;-5,84886327510177
74,9;-7,44574646958695;-6,05230243841664
75,0;-7,67036338803788;-6,19419425679637
75,1;-7,81587737960126;-6,27157781798156
75,2;-7,8792792963137;-6,28232430313068
75,3;-7,85857762436925;-6,22516985548342
75,4;-7,75282965731146;-6,09973505929596
75,5;-7,56215728922568;-5,90653072842225
75,6;-7,28774717595623;-5,64694995026709
75,7;-6,9318352811466;-5,32324657752948
75,8;-6,49767609196646;-4,93850060226589
75,9;-5,9894970515513;-4,49657107951667
76,0;-5,41243900637217;-4,00203748644645
76,1;-4,7724837021409;-3,46013060334769
76,2;-4,07636957693993;-2,8766541810379
76,3;-3,33149729097439;-2,25789881171487
76,4;-2,5458265951149;-1,61054954434005
76,5;-1,7277662722563;-0,941588878823237
76,6;-0,88605898412693;-0,25819683406405
76,7;-0,0296629199005621;0,432350187667291
76,8;0,832367829131265;1,12278002368666
76,9;1,69100225266197;1,80592318414049
77,0;2,53734888962263;2,47480748971375
77,1;3,36276798667355;3,12274740933261
77,2;4,15897766195126;3,74342672243674
77,3;4,91815252862485;4,33097328412812
77,4;5,63301339877559;4,88002484642832
77,5;6,2969068767996;5,38578508108608
77,6;6,90387385881833;5,84406915463844
77,7;7,44870617600441;6,25133842027413
77,8;7,92699085058954;6,60472400887895
77,9;8,33514166878216;6,90203931882776
78,0;8,67041801001749;7,14178161606527
78,1;8,93093110210208;7,32312315839509
78,2;9,11563809228393;7,44589244654474
78,3;9,22432453073994;7,51054637571758
78,4;9,25757605145425;7,51813421163679
78,5;9,21674020244115;7,47025444169102
78,6;9,10387951974597;7,36900565242671
78,7;8,9217170552163;7,21693265762542
78,8;8,6735756548845;7,01696914552192
78,9;8,36331234180916;6,77237812898163
79,0;7,99524918393486;6,48669146894408
79,1;7,57410202417192;6,16364970007805
79,2;7,10490841736283;5,80714331992713
79,3;6,59295605861884;5,42115661097435
79,4;6,04371290180442;5,00971495166652
79,5;5,46276005838338;4,57683644061819
79,6;4,85572843855659;4,12648851145039
79,7;4,2282399521506;3,66255005779869
79,8;3,58585392990153;3,1887794229481
79,9;2,93401926067937;2,70878844043196
80,0;2,27803257099499;2,22602254490383
80,1;1,6230026040278;1,74374681070991
80,2;0,973820790533498;1,26503762274196
80,3;0,335137847291471;0,792779543959999
80,4;-0,28865390607829;0,32966681972128
80,5;-0,893432950716435;-0,121791146402913
80,6;-1,47535624281866;-0,559261094920694
80,7;-2,03086279982631;-0,980574801687252
80,8;-2,55667390820023;-1,38371640600217
80,9;-3,04979070720387;-1,76680903545356
81,0;-3,50748992342567;-2,12810157452188
81,1;-3,92731852657366;-2,46595638666603
81,2;-4,3070880489312;-2,77883873911982
81,3;-4,64486925993092;-3,0653085976801
81,4;-4,93898781531462;-3,32401535764932
81,5;-5,18802140956019;-3,55369595955687
81,6;-5,39079885340116;-3,75317670748331
81,7;-5,54640137847378;-3,92137896723644
81,8;-5,65416634185667;-4,05732877501092
81,9;-5,71369336821661;-4,16017023839254
82,0;-5,72485283028551;-4,22918246459549
82,1;-5,6877964333683;-4,26379960956591
82,2;-5,60296954037592;-4,26363350983991
82,3;-5,47112475421425;-4,22849824038456
82,4;-5,29333616773025;-4,15843583934781
82,5;-5,0710136009995;-4,0537423575841
82,6;-4,80591607431865;-3,91499332944039
82,7;-4,50016371516121;-3,74306772350024
82,8;-4,15624727036307;-3,5391694191469
82,9;-3,77703439215041;-3,30484526767531
83,0;-3,36577188893023;-3,04199883539496
83,1;-2,92608317902968;-2,75289899022744
83,2;-2,46196025716559;-2,44018258160339
83,3;-1,97774957810045;-2,10685057429175
83,4;-1,47813137785176;-1,75625712787666
83,5;-0,968092087569626;-1,39209126214578
83,6;-0,452889645879354;-1,01835091142827
83,7;0,0619883212417104;-0,639309344297973
83,8;0,570873311828515;-0,259474105117405
83,9;1,06797143226129;0,116461183495124
84,0;1,54742505853435;0,483671637288874
84,1;2,00338000423084;0,837261851181687
84,2;2,43005735861028;1,17233170457124
84,3;2,8218290038552;1,484046220929
84,4;3,17329568212925;1,7677083388374
84,5;3,47936636434518;2,01883334036654
84,6;3,73533757671065;2,23322359573128
84,7;3,93697127103923;2,40704222298039
84,8;4,08056978276961;2,53688422993228
84,9;4,1630464083275;2,61984370396038
85,0;4,18199015194844;2,65357564416902
85,1;4,1357232417474;2,63635108994007
85,2;4,02335009537311;2,56710428905283
85,3;3,84479652603865;2,44547076619832
85,4;3,60083811841388;2,27181529670123
85,5;3,29311686849668;2,04724895800283
85,6;2,92414536924275;1,77363461977525
85,7;2,49729803097804;1,45358043877733
85,8;2,01678904851959;1,09042114266595
85,9;1,48763706117288;0,688187113563644
86,0;0,915616692734999;0,251561512648127
86,1;0,307197401486781;-0,214174083363511
86,2;-0,330529690027236;-0,703204838975015
86,3;-0,989936083782541;-1,20925770136954
86,4;-1,66295019291079;-1,72568521914544
86,5;-2,34116030380863;-2,24555685107245
86,6;-3,01592471136037;-2,76175632067614
86,7;-3,67848737051441;-3,2670834418294
86,8;-4,32009728202463;-3,75435873908529
86,9;-4,9321297365398;-4,21652911650738
87,0;-5,50620748159134;-4,64677279188313
87,1;-6,03431985190611;-5,03860171039737
87,2;-6,50893791565233;-5,38595968334942
87,3;-6,92312373776985;-5,6833145628581
87,4;-7,2706319457574;-5,92574286154708
87,5;-7,5460019017708;-6,10900535509364
87,6;-7,74463893550817;-6,22961236276472
87,7;-7,86288327233717;-6,28487758357416
87,8;-7,89806549706767;-6,27295956986502
87,9;-7,84854762176605;-6,1928901418909
88,0;-7,713749071666;-6,04458928191601
88,1;-7,49415716181189;-5,82886628978003
88,2;-7,19132190356633;-5,5474072289132
88,3;-6,80783524935558;-5,2027489375055
88,4;-6,34729515079208;-4,79824011903255
88,5;-5,81425506443927;-4,33799025486235
88,6;-5,21415978596743;-3,82680729469533
88,7;-4,55326872255935;-3,27012527394381
88,8;-3,83856792079334;-2,67392317708215
88,9;-3,07767234895004;-2,04463650924024
89,0;-2,27872008538614;-1,38906315218908
89,1;-1,45026018552463;-0,714265163320033
89,2;-0,601136087023711;-0,0274682258561979
89,3;0,259633535599368;0,664039525341532
89,4;1,12297453987151;1,35300759539572
89,5;1,97987580094279;2,03232048166823
89,6;2,82150456226797;2,69509071145654
89,7;3,63931688869807;3,33474610091204
89,8;4,42516157958809;3,94510990867835
89,9;5,1713760484363;4,5204727190295
90,0;5,87087284972139;5,05565507049222
90,1;6,51721572914353;5,54606004303557
90,2;7,10468428615418;5,98771522558088
90,3;7,62832656292106;6,37730370130387
90,4;8,08399910696114;6,71218390634656
90,5;8,46839429072581;6,99039843351052
90,6;8,77905490558513;7,21067206174866
90,7;9,01437627518706;7,37239949049651
90,8;9,17359634953143;7,47562344106491
90,9;9,25677444206883;7,52100395181574
91,0;9,26475945388445;7,50977983647779
91,1;9,19914858819827;7,44372339307382
91,2;9,06223769219659;7,32508954244187
91,3;8,85696446939064;7,15656063878262
91,4;8,58684588270415;6,94118822923621
91,5;8,25591111541813;6,68233304502829
91,6;7,86863147372197;6,38360448372647
91,7;7,42984860138762;6,0488007917502
91,8;6,94470233510673;5,68185108022471
91,9;6,41855946004446;5,28676020786528
92,0;5,85694453148154;4,8675574446325
92,1;5,2654738128697;4,42824969265228
92,2;4,64979324649444;3,9727798899479
92,3;4,01552122387178;3,50499106175281
92,4;3,36819676292649;3,02859631761183
92,5;2,7132335320226;2,54715492426572
92,6;2,05587999123998;2,06405441856889
92,7;1,40118575310336;1,58249856542128
92,8;0,753974102351422;1,10550081671031
92,9;0,118820461159376;0,635882792075808
93,0;-0,499963553917395;0,176277184075741
93,1;-1,09834096092027;-0,270865608250866
93,2;-1,67255570993757;-0,703267890154402
93,3;-2,2191351152415;-1,1188129522329
93,4;-2,734889149042;-1,51553207639377
93,5;-3,21690736046197;-1,89159112498575
93,6;-3,66255419548772;-2,24527755017986
93,7;-4,06946348141572;-2,5749886154362
93,8;-4,43553280346091;-2,87922155297537
93,9;-4,75891844306672;-3,15656629251261
94,0;-5,03803146897669;-3,40570128955748
94,1;-5,27153547571431;-3,6253928592261
94,2;-5,45834635264487;-3,81449828703514
94,3;-5,5976343435093;-3,97197284512655
94,4;-5,68882852477309;-4,09688069460315
94,5;-5,73162369507833;-4,18840950605988
94,6;-5,72598953139844;-4,24588848492311
94,7;-5,67218173406743;-4,26880934974927
94,8;-5,57075475651147;-4,25684968391336
94,9;-5,42257559990318;-4,20989796761944
95,0;-5,2288380514842;-4,12807950104057
95,1;-4,99107666101418;-4,01178235338534
95,2;-4,71117968533735;-3,86168241905921
95,3;-4,3914001885629;-3,6787666325744
95,4;-4,03436446644101;-3,46435338961882
95,5;-3,6430769692087;-3,22010924327233
95,6;-3,22092092789328;-2,94806099168209
95,7;-2,77165394458235;-2,65060234587576
95,8;-2,29939788665896;-2,33049446248658
95,9;-1,8086225270061;-1,99085974408105
96,0;-1,30412249467195;-1,63516844706772
96,1;-0,790987240881437;-1,26721779087572
96,2;-0,274563880522531;-0,891103428846534
96,3;0,239587064145759;-0,511183317351648
96,4;0,745742816635875;-0,132034201026629
96,5;1,23807601761576;0,241598885483574
96,6;1,71071835896766;0,604859519512965
96,7;2,15782945300393;0,952842444382781
96,8;2,57367004662457;1,28066086330675
96,9;2,95267854086716;1,58351741615251
97,0;3,2895496442051;1,85677765623602
97,1;3,57931387664441;2,09604474093923
97,2;3,81741655429185;2,29723397175022
97,3;3,99979482326764;2,45664576859969
97,4;4,12295127970931;2,57103564179339
97,5;4,18402271064659;2,63767973347506
97,6;4,18084251955499;2,65443453979656
97,7;4,11199546057817;2,61978949454952
97,8;3,97686339621601;2,53291119397921
97,9;3,77566091349181;2,39367816925279
98,0;3,50945978135828;2,20270526536051
98,1;3,18020140486519;1,96135686027329
98,2;2,79069662629564;1,67174835262302
98,3;2,34461243646608;1,33673555621257
98,4;1,84644538660991;0,959891861124611
98,5;1,30148172829768;0,545473249614346
98,6;0,71574455098589;0,0983714856813063
98,7;0,0959284291585608;-0,375943974536651
98,8;-0,550677671309823;-0,871494583364547
98,9;-1,21627824988914;-1,38187083580915
99,0;-1,89266869986434;-1,90031876709171
99,1;-2,57134092238399;-2,41983347064872
99,2;-3,24359556818511;-2,93325814531382
99,3;-3,90065920413272;-3,43338705929061
99,4;-4,53380458674745;-3,91307072744379
99,5;-5,13447214254575;-4,3653215394476
99,6;-5,69439070725403;-4,78341805084762
99,7;-6,20569556405593;-5,16100615783691
99,8;-6,66104184553868;-5,49219541953205
99,9;-7,05371142472731;-5,77164886805866
100,0;-7,37771151660043;-5,99466475542264
